일자,누적확진(명),신규확진(명),인구확진률(%),인구(명),누적사망(명),신규사망(명),사망률(%),총(누적),1차(누적),완료(누적),추가(누적),총(일),1차(일),완료(일),추가(일),1차(%),완료(%),추가(%),미접종자수
2022-05-23,17993985,26313,35.06,51329905,24006,19,0.13,125225298,45049534,44570419,37121682,42122,471,732,40925,87.76,86.83,72.32,6280371
2022-05-22,17967672,9975,35,51329905,23987,22,0.13,125183176,45049063,44569687,37080757,316,6,11,299,87.76,86.83,72.24,6280842
2022-05-21,17957697,19298,34.98,51329905,23965,54,0.13,125182860,45049057,44569676,37080458,24167,530,772,22868,87.76,86.83,72.24,6280848
2022-05-20,17938399,23442,34.95,51329905,23911,26,0.13,125158693,45048527,44568904,37057590,104828,1138,1912,101783,87.76,86.83,72.19,6281378
2022-05-19,17914957,25108,34.9,51329905,23885,43,0.13,125053865,45047389,44566992,36955807,61047,508,842,59701,87.76,86.82,72,6282516
2022-05-18,17889849,28105,34.85,51329905,23842,40,0.13,124992818,45046881,44566150,36896106,64337,532,760,63055,87.76,86.82,71.88,6283024
2022-05-17,17861744,31315,34.8,51329905,23802,31,0.13,124928481,45046349,44565390,36833051,76244,518,678,75051,87.76,86.82,71.76,6283556
2022-05-16,17830429,35072,34.74,51329905,23771,27,0.13,124852237,45045831,44564712,36758000,63717,575,760,62386,87.76,86.82,71.61,6284074
2022-05-15,17795357,13296,34.67,51329905,23744,35,0.13,124788520,45045256,44563952,36695614,491,9,7,475,87.76,86.82,71.49,6284649
2022-05-14,17782061,25434,34.64,51329905,23709,48,0.13,124788029,45045247,44563945,36695139,36870,705,739,35427,87.76,86.82,71.49,6284658
2022-05-13,17756627,29541,34.59,51329905,23661,55,0.13,124751159,45044542,44563206,36659712,163771,1482,1970,160323,87.75,86.82,71.42,6285363
2022-05-12,17727086,32409,34.54,51329905,23606,52,0.13,124587388,45043060,44561236,36499389,104791,713,929,103151,87.75,86.81,71.11,6286845
2022-05-11,17694677,35883,34.47,51329905,23554,63,0.13,124482597,45042347,44560307,36396238,107182,602,905,105687,87.75,86.81,70.91,6287558
2022-05-10,17658794,43899,34.4,51329905,23491,29,0.13,124375415,45041745,44559402,36290551,127479,607,825,126048,87.75,86.81,70.7,6288160
2022-05-09,17614895,49896,34.32,51329905,23462,62,0.13,124247936,45041138,44558577,36164503,107615,716,894,106013,87.75,86.81,70.46,6288767
2022-05-08,17564999,20601,34.22,51329905,23400,40,0.13,124140321,45040422,44557683,36058490,639,12,7,620,87.75,86.81,70.25,6289483
2022-05-07,17544398,40064,34.18,51329905,23360,71,0.13,124139682,45040410,44557676,36057870,50043,604,745,48694,87.75,86.81,70.25,6289495
2022-05-06,17504334,39552,34.1,51329905,23289,83,0.13,124089639,45039806,44556931,36009176,254837,1989,2580,250274,87.75,86.81,70.15,6290099
2022-05-05,17464782,26714,34.02,51329905,23206,48,0.13,123834802,45037817,44554351,35758902,3647,49,48,3550,87.74,86.8,69.66,6292088
2022-05-04,17438068,42277,33.97,51329905,23158,79,0.13,123831155,45037768,44554303,35755352,162413,921,946,160554,87.74,86.8,69.66,6292137
2022-05-03,17395791,49038,33.89,51329905,23079,72,0.13,123668742,45036847,44553357,35594798,181641,752,968,179923,87.74,86.8,69.35,6293058
2022-05-02,17346753,51020,33.79,51329905,23007,49,0.13,123487101,45036095,44552389,35414875,167098,842,960,165300,87.74,86.8,68.99,6293810
2022-05-01,17295733,20084,33.7,51329905,22958,83,0.13,123320003,45035253,44551429,35249575,1187,10,15,1162,87.74,86.79,68.67,6294652
2022-04-30,17275649,37771,33.66,51329905,22875,81,0.13,123318816,45035243,44551414,35248413,83548,1264,1127,81157,87.74,86.79,68.67,6294662
2022-04-29,17237878,43262,33.58,51329905,22794,70,0.13,123235268,45033979,44550287,35167256,395043,2904,3258,388886,87.73,86.79,68.51,6295926
2022-04-28,17194616,50568,33.5,51329905,22724,136,0.13,122840225,45031075,44547029,34778370,212246,1077,1359,209815,87.73,86.79,67.75,6298830
2022-04-27,17144048,57422,33.4,51329905,22588,122,0.13,122627979,45029998,44545670,34568555,230672,1059,1133,228490,87.73,86.78,67.35,6299907
2022-04-26,17086626,76761,33.29,51329905,22466,141,0.13,122397307,45028939,44544537,34340065,224816,902,1042,222874,87.72,86.78,66.9,6300966
2022-04-25,17009865,80301,33.14,51329905,22325,82,0.13,122172491,45028037,44543495,34117191,210327,881,1232,208216,87.72,86.78,66.47,6301868
2022-04-24,16929564,34370,32.98,51329905,22243,110,0.13,121962164,45027156,44542263,33908975,575,18,24,533,87.72,86.78,66.06,6302749
2022-04-23,16895194,64725,32.91,51329905,22133,109,0.13,121961589,45027138,44542239,33908442,40749,1324,1311,38117,87.72,86.78,66.06,6302767
2022-04-22,16830469,75414,32.79,51329905,22024,151,0.13,121920840,45025814,44540928,33870325,156248,3812,3993,148446,87.72,86.77,65.99,6304091
2022-04-21,16755055,81010,32.64,51329905,21873,206,0.13,121764592,45022002,44536935,33721879,72285,1151,1471,69669,87.71,86.77,65.7,6307903
2022-04-20,16674045,90825,32.48,51329905,21667,147,0.13,121692307,45020851,44535464,33652210,75290,1049,1132,73110,87.71,86.76,65.56,6309054
2022-04-19,16583220,111280,32.31,51329905,21520,166,0.13,121617017,45019802,44534332,33579100,64025,708,936,62382,87.71,86.76,65.42,6310103
2022-04-18,16471940,118445,32.09,51329905,21354,130,0.13,121552992,45019094,44533396,33516718,62060,804,996,60265,87.71,86.76,65.3,6310811
2022-04-17,16353495,47743,31.86,51329905,21224,132,0.13,121490932,45018290,44532400,33456453,343,25,15,303,87.7,86.76,65.18,6311615
2022-04-16,16305752,93001,31.77,51329905,21092,203,0.13,121490589,45018265,44532385,33456150,27436,1783,1203,24450,87.7,86.76,65.18,6311640
2022-04-15,16212751,107882,31.59,51329905,20889,273,0.13,121463153,45016482,44531182,33431700,102343,5562,3228,93563,87.7,86.75,65.13,6313423
2022-04-14,16104869,125808,31.38,51329905,20616,264,0.13,121360810,45010920,44527954,33338137,50067,1443,1571,47062,87.69,86.75,64.95,6318985
2022-04-13,15979061,148417,31.13,51329905,20352,318,0.13,121310743,45009477,44526383,33291075,20630,1586,1299,17757,87.69,86.75,64.86,6320428
2022-04-12,15830644,195370,30.84,51329905,20034,184,0.13,121290113,45007891,44525084,33273318,14847,1139,1320,12390,87.68,86.74,64.82,6322014
2022-04-11,15635274,210676,30.46,51329905,19850,171,0.13,121275266,45006752,44523764,33260928,19136,1296,1641,16201,87.68,86.74,64.8,6323153
2022-04-10,15424598,90928,30.05,51329905,19679,258,0.13,121256130,45005456,44522123,33244727,247,28,20,200,87.68,86.74,64.77,6324449
2022-04-09,15333670,164481,29.87,51329905,19421,329,0.13,121255883,45005428,44522103,33244527,18569,3521,1340,13708,87.68,86.74,64.77,6324477
2022-04-08,15169189,185495,29.55,51329905,19092,338,0.13,121237314,45001907,44520763,33230819,51115,8017,3942,39156,87.67,86.73,64.74,6327998
2022-04-07,14983694,205289,29.19,51329905,18754,373,0.13,121186199,44993890,44516821,33191663,29993,2530,1920,25547,87.66,86.73,64.66,6336015
2022-04-06,14778405,224761,28.79,51329905,18381,348,0.12,121156206,44991360,44514901,33166116,25576,2254,1651,21677,87.65,86.72,64.61,6338545
2022-04-05,14553644,286243,28.35,51329905,18033,371,0.12,121130630,44989106,44513250,33144439,20252,1957,1876,16424,87.65,86.72,64.57,6340799
2022-04-04,14267401,265995,27.8,51329905,17662,209,0.12,121110378,44987149,44511374,33128015,30730,2885,2650,25201,87.64,86.72,64.54,6342756
2022-04-03,14001406,127190,27.28,51329905,17453,218,0.12,121079648,44984264,44508724,33102814,392,57,42,293,87.64,86.71,64.49,6345641
2022-04-02,13874216,234301,27.03,51329905,17235,306,0.12,121079256,44984207,44508682,33102521,29079,6159,2375,20545,87.64,86.71,64.49,6345698
2022-04-01,13639915,264097,26.57,51329905,16929,339,0.12,121050177,44978048,44506307,33081976,64385,11114,6011,47266,87.63,86.71,64.45,6351857
2022-03-31,13375818,280187,26.06,51329905,16590,360,0.12,120985792,44966934,44500296,33034710,45602,4586,3378,37641,87.6,86.69,64.36,6362971
2022-03-30,13095631,320675,25.51,51329905,16230,375,0.12,120940190,44962348,44496918,32997069,35589,1189,1278,33129,87.59,86.69,64.28,6367557
2022-03-29,12774956,424528,24.89,51329905,15855,432,0.12,120904601,44961159,44495640,32963940,32228,1330,3762,27136,87.59,86.69,64.22,6368746
2022-03-28,12350428,347374,24.06,51329905,15423,237,0.12,120872373,44959829,44491878,32936804,49426,1662,5155,42616,87.59,86.68,64.17,6370076
2022-03-27,12003054,187213,23.38,51329905,15186,287,0.13,120822947,44958167,44486723,32894188,645,23,28,594,87.59,86.67,64.08,6371738
2022-03-26,11815841,318130,23.02,51329905,14899,282,0.13,120822302,44958144,44486695,32893594,39285,1513,1107,36666,87.59,86.67,64.08,6371761
2022-03-25,11497711,335479,22.4,51329905,14617,323,0.13,120783017,44956631,44485588,32856928,84848,3222,2868,78762,87.58,86.67,64.01,6373274
2022-03-24,11162232,339396,21.75,51329905,14294,392,0.13,120698169,44953409,44482720,32778166,53648,1782,1550,50318,87.58,86.66,63.86,6376496
2022-03-23,10822836,395589,21.08,51329905,13902,470,0.13,120644521,44951627,44481170,32727848,46339,1526,1288,43526,87.57,86.66,63.76,6378278
2022-03-22,10427247,490707,20.31,51329905,13432,291,0.13,120598182,44950101,44479882,32684322,43728,1837,1244,40652,87.57,86.65,63.68,6379804
2022-03-21,9936540,353725,19.36,51329905,13141,384,0.13,120554454,44948264,44478638,32643670,61358,2281,2295,56786,87.57,86.65,63.6,6381641
2022-03-20,9582815,209169,18.67,51329905,12757,329,0.13,120493096,44945983,44476343,32586884,651,26,33,592,87.56,86.65,63.49,6383922
2022-03-19,9373646,334708,18.26,51329905,12428,327,0.13,120492445,44945957,44476310,32586292,36573,2087,1929,32557,87.56,86.65,63.48,6383948
2022-03-18,9038938,381329,17.61,51329905,12101,319,0.13,120455872,44943870,44474381,32553735,103427,4769,5681,92982,87.56,86.64,63.42,6386035
2022-03-17,8657609,407017,16.87,51329905,11782,301,0.14,120352445,44939101,44468700,32460753,65281,2566,2722,60000,87.55,86.63,63.24,6390804
2022-03-16,8250592,621317,16.07,51329905,11481,429,0.14,120287164,44936535,44465978,32400753,53757,2253,2479,49032,87.54,86.63,63.12,6393370
2022-03-15,7629275,400725,14.86,51329905,11052,164,0.14,120233407,44934282,44463499,32351721,53831,2508,3341,47986,87.54,86.62,63.03,6395623
2022-03-14,7228550,362328,14.08,51329905,10888,293,0.15,120179576,44931774,44460158,32303735,68649,3697,4923,60032,87.54,86.62,62.93,6398131
2022-03-13,6866222,309769,13.38,51329905,10595,200,0.15,120110927,44928077,44455235,32243703,982,82,107,793,87.53,86.61,62.82,6401828
2022-03-12,6556453,350176,12.77,51329905,10395,251,0.16,120109945,44927995,44455128,32242910,47283,3999,5398,37886,87.53,86.61,62.82,6401910
2022-03-11,6206277,383651,12.09,51329905,10144,269,0.16,120062662,44923996,44449730,32205024,127747,8941,13962,104848,87.52,86.6,62.74,6405909
2022-03-10,5822626,282976,11.34,51329905,9875,229,0.17,119934915,44915055,44435768,32100176,90374,5192,6417,78772,87.5,86.57,62.54,6414850
2022-03-09,5539650,327532,10.79,51329905,9646,206,0.17,119844541,44909863,44429351,32021404,11347,1078,1264,9005,87.49,86.56,62.38,6420042
2022-03-08,5212118,342427,10.15,51329905,9440,158,0.18,119833194,44908785,44428087,32012399,68239,5886,5233,57124,87.49,86.55,62.37,6421120
2022-03-07,4869691,202714,9.49,51329905,9282,186,0.19,119764955,44902899,44422854,31955275,91628,7880,5888,77869,87.48,86.54,62.25,6427006
2022-03-06,4666977,210713,9.09,51329905,9096,139,0.19,119673327,44895019,44416966,31877406,2062,75,198,1789,87.46,86.53,62.1,6434886
2022-03-05,4456264,243612,8.68,51329905,8957,161,0.2,119671265,44894944,44416768,31875617,62837,2294,5621,54922,87.46,86.53,62.1,6434961
2022-03-04,4212652,254326,8.21,51329905,8796,216,0.21,119608428,44892650,44411147,31820695,130850,3504,7730,119626,87.46,86.52,61.99,6437255
2022-03-03,3958326,266838,7.71,51329905,8580,186,0.22,119477578,44889146,44403417,31701069,85628,2005,4273,79355,87.45,86.51,61.76,6440759
2022-03-02,3691488,198802,7.19,51329905,8394,128,0.23,119391950,44887141,44399144,31621714,83215,2245,4371,76605,87.45,86.5,61.6,6442764
2022-03-01,3492686,219237,6.8,51329905,8266,96,0.24,119308735,44884896,44394773,31545109,5718,201,359,5159,87.44,86.49,61.46,6445009
2022-02-28,3273449,138993,6.38,51329905,8170,112,0.25,119303017,44884695,44394414,31539950,163444,5664,8316,149474,87.44,86.49,61.45,6445210
2022-02-27,3134456,139615,6.11,51329905,8058,114,0.26,119139573,44879031,44386098,31390476,6835,224,455,6156,87.43,86.47,61.15,6450874
2022-02-26,2994841,163558,5.83,51329905,7944,49,0.27,119132738,44878807,44385643,31384320,133603,4925,8477,120202,87.43,86.47,61.14,6451098
2022-02-25,2831283,166206,5.52,51329905,7895,112,0.28,118999135,44873882,44377166,31264118,254651,8962,13934,231769,87.42,86.45,60.91,6456023
2022-02-24,2665077,165889,5.19,51329905,7783,94,0.29,118744484,44864920,44363232,31032349,167499,6298,10459,150751,87.41,86.43,60.46,6464985
2022-02-23,2499188,170006,4.87,51329905,7689,82,0.31,118576985,44858622,44352773,30881598,121185,5851,3684,111669,87.39,86.41,60.16,6471283
2022-02-22,2329182,171448,4.54,51329905,7607,99,0.33,118455800,44852771,44349089,30769929,125970,6367,3945,115666,87.38,86.4,59.95,6477134
2022-02-21,2157734,99550,4.2,51329905,7508,58,0.35,118329830,44846404,44345144,30654263,176049,8186,5578,162304,87.37,86.39,59.72,6483501
2022-02-20,2058184,95347,4.01,51329905,7450,45,0.36,118153781,44838218,44339566,30491959,9188,366,583,8239,87.35,86.38,59.4,6491687
2022-02-19,1962837,104828,3.82,51329905,7405,51,0.38,118144593,44837852,44338983,30483720,151830,6259,9528,136050,87.35,86.38,59.39,6492053
2022-02-18,1858009,102203,3.62,51329905,7354,71,0.4,117992763,44831593,44329455,30347670,276023,11563,15323,249151,87.34,86.36,59.12,6498312
2022-02-17,1755806,109828,3.42,51329905,7283,45,0.41,117716740,44820030,44314132,30098519,189125,9212,10049,169875,87.32,86.33,58.64,6509875
2022-02-16,1645978,93127,3.21,51329905,7238,36,0.44,117527615,44810818,44304083,29928644,148187,9299,9655,129258,87.3,86.31,58.31,6519087
2022-02-15,1552851,90430,3.03,51329905,7202,39,0.46,117379428,44801519,44294428,29799386,160289,9886,10731,139689,87.28,86.29,58.05,6528386
2022-02-14,1462421,57175,2.85,51329905,7163,61,0.49,117219139,44791633,44283697,29659697,218267,10491,13650,194142,87.26,86.27,57.78,6538272
2022-02-13,1405246,54616,2.74,51329905,7102,21,0.51,117000872,44781142,44270047,29465555,9986,370,600,9016,87.24,86.25,57.4,6548763
2022-02-12,1350630,56425,2.63,51329905,7081,36,0.52,116990886,44780772,44269447,29456539,187579,5754,12231,169599,87.24,86.24,57.39,6549133
2022-02-11,1294205,54918,2.52,51329905,7045,33,0.54,116803307,44775018,44257216,29286940,335803,8362,19714,307753,87.23,86.22,57.06,6554887
2022-02-10,1239287,53926,2.41,51329905,7012,49,0.57,116467504,44766656,44237502,28979187,225855,5970,13939,205990,87.21,86.18,56.46,6563249
2022-02-09,1185361,54122,2.31,51329905,6963,20,0.59,116241649,44760686,44223563,28773197,165356,5246,13007,147139,87.2,86.16,56.06,6569219
2022-02-08,1131239,49558,2.2,51329905,6943,21,0.61,116076293,44755440,44210556,28626058,185568,5850,16165,163576,87.19,86.13,55.77,6574465
2022-02-07,1081681,36718,2.11,51329905,6922,36,0.64,115890725,44749590,44194391,28462482,277575,8237,22445,246928,87.18,86.1,55.45,6580315
2022-02-06,1044963,35275,2.04,51329905,6886,13,0.66,115613150,44741353,44171946,28215554,13444,453,955,12036,87.16,86.05,54.97,6588552
2022-02-05,1009688,38670,1.97,51329905,6873,15,0.68,115599706,44740900,44170991,28203518,229990,7286,18078,204637,87.16,86.05,54.95,6589005
2022-02-04,971018,36362,1.89,51329905,6858,22,0.71,115369716,44733614,44152913,27998881,407834,12564,35662,359645,87.15,86.02,54.55,6596291
2022-02-03,934656,27442,1.82,51329905,6836,24,0.73,114961882,44721050,44117251,27639236,394094,12458,52768,328904,87.12,85.95,53.85,6608855
2022-02-02,907214,22904,1.77,51329905,6812,25,0.75,114567788,44708592,44064483,27310332,13909,502,849,12561,87.1,85.85,53.21,6621313
2022-02-01,884310,20268,1.72,51329905,6787,15,0.77,114553879,44708090,44063634,27297771,3251,92,190,2972,87.1,85.84,53.18,6621815
2022-01-31,864042,18333,1.68,51329905,6772,17,0.78,114550628,44707998,44063444,27294799,20955,604,989,19364,87.1,85.84,53.18,6621907
2022-01-30,845709,17072,1.65,51329905,6755,23,0.8,114529673,44707394,44062455,27275435,26985,659,1392,24937,87.1,85.84,53.14,6622511
2022-01-29,828637,17515,1.61,51329905,6732,20,0.81,114502688,44706735,44061063,27250498,371393,8135,22520,340751,87.1,85.84,53.09,6623170
2022-01-28,811122,17540,1.58,51329905,6712,34,0.83,114131295,44698600,44038543,26909747,556389,13435,37212,505808,87.08,85.8,52.43,6631305
2022-01-27,793582,16085,1.55,51329905,6678,24,0.84,113574906,44685165,44001331,26403939,350652,9205,25199,316308,87.05,85.72,51.44,6644740
2022-01-26,777497,14514,1.51,51329905,6654,34,0.86,113224254,44675960,43976132,26087631,289886,8591,24716,256635,87.04,85.67,50.82,6653945
2022-01-25,762983,13004,1.49,51329905,6620,32,0.87,112934368,44667369,43951416,25830996,283353,9243,29408,244753,87.02,85.63,50.32,6662536
2022-01-24,749979,8566,1.46,51329905,6588,23,0.88,112651015,44658126,43922008,25586243,351144,11723,40752,298707,87,85.57,49.85,6671779
2022-01-23,741413,7511,1.44,51329905,6565,25,0.89,112299871,44646403,43881256,25287536,16555,603,1963,13993,86.98,85.49,49.26,6683502
2022-01-22,733902,7628,1.43,51329905,6540,11,0.89,112283316,44645800,43879293,25273543,286484,9388,18013,259099,86.98,85.48,49.24,6684105
2022-01-21,726274,7005,1.41,51329905,6529,28,0.9,111996832,44636412,43861280,25014444,544632,15403,59036,470250,86.96,85.45,48.73,6693493
2022-01-20,719269,6766,1.4,51329905,6501,21,0.9,111452200,44621009,43802244,24544194,337655,10505,44776,282463,86.93,85.33,47.82,6708896
2022-01-19,712503,6601,1.39,51329905,6480,28,0.91,111114545,44610504,43757468,24261731,271850,10174,45266,216476,86.91,85.25,47.27,6719401
2022-01-18,705902,5800,1.38,51329905,6452,74,0.91,110842695,44600330,43712202,24045255,322090,12201,46632,263319,86.89,85.16,46.84,6729575
2022-01-17,700102,4070,1.36,51329905,6378,45,0.91,110520605,44588129,43665570,23781936,474170,16086,71343,386807,86.87,85.07,46.33,6741776
2022-01-16,696032,3858,1.36,51329905,6333,23,0.91,110046435,44572043,43594227,23395129,21441,786,3438,17220,86.83,84.93,45.58,6757862
2022-01-15,692174,4190,1.35,51329905,6310,29,0.91,110024994,44571257,43590789,23377909,349186,13125,29360,306719,86.83,84.92,45.54,6758648
2022-01-14,687984,4418,1.34,51329905,6281,22,0.91,109675808,44558132,43561429,23071190,695073,22661,91185,581334,86.81,84.87,44.95,6771773
2022-01-13,683566,4536,1.33,51329905,6259,49,0.92,108980735,44535471,43470244,22489856,437263,16360,77182,343846,86.76,84.69,43.81,6794434
2022-01-12,679030,4162,1.32,51329905,6210,44,0.91,108543472,44519111,43393062,22146010,381702,16462,81063,284245,86.73,84.54,43.14,6810794
2022-01-11,674868,4385,1.31,51329905,6166,52,0.91,108161770,44502649,43311999,21861765,437817,20303,73497,344076,86.7,84.38,42.59,6827256
2022-01-10,670483,3093,1.31,51329905,6114,43,0.91,107723953,44482346,43238502,21517689,578945,24987,109778,444265,86.66,84.24,41.92,6847559
2022-01-09,667390,2999,1.3,51329905,6071,34,0.91,107145008,44457359,43128724,21073424,22128,1105,4752,16272,86.61,84.02,41.05,6872546
2022-01-08,664391,3376,1.29,51329905,6037,51,0.91,107122880,44456254,43123972,21057152,434888,16325,70832,347748,86.61,84.01,41.02,6873651
2022-01-07,661015,3507,1.29,51329905,5986,54,0.91,106687992,44439929,43053140,20709404,733715,26260,107651,599890,86.58,83.88,40.35,6889976
2022-01-06,657508,3716,1.28,51329905,5932,45,0.9,105954277,44413669,42945489,20109514,488543,19878,85469,383313,86.53,83.67,39.18,6916236
2022-01-05,653792,4123,1.27,51329905,5887,49,0.9,105465734,44393791,42860020,19726201,432026,21131,76003,334945,86.49,83.5,38.43,6936114
2022-01-04,649669,4443,1.27,51329905,5838,57,0.9,105033708,44372660,42784017,19391256,449292,26936,55421,367037,86.45,83.35,37.78,6957245
2022-01-03,645226,3019,1.26,51329905,5781,51,0.9,104584416,44345724,42728596,19024219,610346,40661,79607,490216,86.39,83.24,37.06,6984181
2022-01-02,642207,3124,1.25,51329905,5730,36,0.89,103974070,44305063,42648989,18534003,22270,2115,2467,17691,86.31,83.09,36.11,7024842
2022-01-01,639083,3830,1.25,51329905,5694,69,0.89,103951800,44302948,42646522,18516312,43856,4278,4970,34615,86.31,83.08,36.07,7026957
2021-12-31,635253,4415,1.24,51305184,5625,62,0.89,103907944,44298670,42641552,18481697,850696,54150,58585,738085,86.34,83.11,36.02,7006514
2021-12-30,630838,4871,1.23,51305184,5563,108,0.88,103057248,44244520,42582967,17743612,642304,47480,46407,548527,86.24,83,34.58,7060664
2021-12-29,625967,5029,1.22,51305184,5455,73,0.87,102414944,44197040,42536560,17195085,635857,49576,46745,539628,86.15,82.91,33.52,7108144
2021-12-28,620938,5406,1.21,51305184,5382,36,0.87,101779087,44147464,42489815,16655457,711098,46393,43919,620866,86.05,82.82,32.46,7157720
2021-12-27,615532,3862,1.2,51305184,5346,46,0.87,101067989,44101071,42445896,16034591,905575,76475,65033,764161,85.96,82.73,31.25,7204113
2021-12-26,611670,4207,1.19,51305184,5300,55,0.87,100162414,44024596,42380863,15270430,31029,3528,1775,25727,85.81,82.61,29.76,7280588
2021-12-25,607463,5418,1.18,51305184,5245,69,0.86,100131385,44021068,42379088,15244703,76023,10276,5088,60661,85.8,82.6,29.71,7284116
2021-12-24,602045,5836,1.17,51305184,5176,105,0.86,100055362,44010792,42374000,15184042,924885,79564,43698,801711,85.78,82.59,29.6,7294392
2021-12-23,596209,6231,1.16,51305184,5071,56,0.85,99130477,43931228,42330302,14382331,716473,80811,34751,601009,85.63,82.51,28.03,7373956
2021-12-22,589978,6913,1.15,51305184,5015,109,0.85,98414004,43850417,42295551,13781322,755934,91353,39351,625368,85.47,82.44,26.86,7454767
2021-12-21,583065,7450,1.14,51305184,4906,78,0.84,97658070,43759064,42256200,13155954,810875,75383,38371,697387,85.29,82.36,25.64,7546120
2021-12-20,575615,5201,1.12,51305184,4828,52,0.84,96847195,43683681,42217829,12458567,1028689,122332,53745,852916,85.14,82.29,24.28,7621503
2021-12-19,570414,5316,1.11,51305184,4776,54,0.84,95818506,43561349,42164084,11605651,38201,6054,1872,30281,84.91,82.18,22.62,7743835
2021-12-18,565098,6234,1.1,51305184,4722,78,0.84,95780305,43555295,42162212,11575370,644129,69695,40866,533651,84.89,82.18,22.56,7749889
2021-12-17,558864,7313,1.09,51305184,4644,53,0.83,95136176,43485600,42121346,11041719,1381793,108349,81024,1192845,84.76,82.1,21.52,7819584
2021-12-16,551551,7434,1.08,51305184,4591,73,0.83,93754383,43377251,42040322,9848874,1082891,98770,62436,922033,84.55,81.94,19.2,7927933
2021-12-15,544117,7622,1.06,51305184,4518,62,0.83,92671492,43278481,41977886,8926841,1080962,88547,58440,934323,84.35,81.82,17.4,8026703
2021-12-14,536495,7843,1.05,51305184,4456,69,0.83,91590530,43189934,41919446,7992518,909057,55742,44394,809183,84.18,81.71,15.58,8115250
2021-12-13,528652,5564,1.03,51305184,4387,94,0.83,90681473,43134192,41875052,7183335,929963,77590,63620,789111,84.07,81.62,14,8170992
2021-12-12,523088,5817,1.02,51305184,4293,40,0.82,89751510,43056602,41811432,6394224,12575,2129,1564,8883,83.92,81.5,12.46,8248582
2021-12-11,517271,6688,1.01,51305184,4253,43,0.82,89738935,43054473,41809868,6385341,341804,26302,34854,280714,83.92,81.49,12.45,8250711
2021-12-10,510583,6977,1,51305184,4210,80,0.82,89397131,43028171,41775014,6104627,902229,52102,76115,774408,83.87,81.42,11.9,8277013
2021-12-09,503606,7022,0.98,51305184,4130,53,0.82,88494902,42976069,41698899,5330219,550879,45937,55719,449568,83.77,81.28,10.39,8329115
2021-12-08,496584,7100,0.97,51305184,4077,57,0.82,87944023,42930132,41643180,4880651,405749,46484,52389,307205,83.68,81.17,9.51,8375052
2021-12-07,489484,7174,0.95,51305184,4020,63,0.82,87538274,42883648,41590791,4573446,376978,38417,42722,296083,83.59,81.07,8.91,8421536
2021-12-06,482310,4952,0.94,51305184,3957,64,0.82,87161296,42845231,41548069,4277363,409426,52794,66735,290164,83.51,80.98,8.34,8459953
2021-12-05,477358,4324,0.93,51305184,3893,41,0.82,86751870,42792437,41481334,3987199,7900,1787,2099,4048,83.41,80.85,7.77,8512747
2021-12-04,473034,5127,0.92,51305184,3852,43,0.81,86743970,42790650,41479235,3983151,172654,21735,53466,97515,83.4,80.85,7.76,8514534
2021-12-03,467907,5354,0.91,51305184,3809,70,0.81,86571316,42768915,41425769,3885636,409147,34709,91660,283088,83.36,80.74,7.57,8536269
2021-12-02,462553,4941,0.9,51305184,3739,34,0.81,86162169,42734206,41334109,3602548,268702,23014,61451,184413,83.29,80.57,7.02,8570978
2021-12-01,457612,5262,0.89,51305184,3705,46,0.81,85893467,42711192,41272658,3418135,254591,24207,66347,164235,83.25,80.45,6.66,8593992
2021-11-30,452350,5120,0.88,51305184,3659,35,0.81,85638876,42686985,41206311,3253900,263462,22159,49539,192071,83.2,80.32,6.34,8618199
2021-11-29,447230,3030,0.87,51305184,3624,44,0.81,85375414,42664826,41156772,3061829,320115,31368,106789,182163,83.16,80.22,5.97,8640358
2021-11-28,444200,3304,0.87,51305184,3580,32,0.81,85055299,42633458,41049983,2879666,5912,1041,2017,2896,83.1,80.01,5.61,8671726
2021-11-27,440896,3928,0.86,51305184,3548,56,0.8,85049387,42632417,41047966,2876770,151773,32697,46181,72967,83.1,80.01,5.61,8672767
2021-11-26,436968,4067,0.85,51305184,3492,52,0.8,84897614,42599720,41001785,2803803,442691,56463,88269,298276,83.03,79.92,5.46,8705464
2021-11-25,432901,3899,0.84,51305184,3440,39,0.79,84454923,42543257,40913516,2505527,322370,48604,67921,206130,82.92,79.75,4.88,8761927
2021-11-24,429002,3937,0.84,51305184,3401,38,0.79,84132553,42494653,40845595,2299397,270649,47323,62060,161588,82.83,79.61,4.48,8810531
2021-11-23,425065,4115,0.83,51305184,3363,35,0.79,83861904,42447330,40783535,2137809,220081,28910,44466,147018,82.73,79.49,4.17,8857854
2021-11-22,420950,2698,0.82,51305184,3328,30,0.79,83641823,42418420,40739069,1990791,289272,49753,88549,151263,82.68,79.41,3.88,8886764
2021-11-21,418252,2827,0.82,51305184,3298,24,0.79,83352551,42368667,40650520,1839528,5962,1457,2313,2245,82.58,79.23,3.59,8936517
2021-11-20,415425,3114,0.81,51305184,3274,30,0.79,83346589,42367210,40648207,1837283,108996,27183,39269,42643,82.58,79.23,3.58,8937974
2021-11-19,412311,3212,0.8,51305184,3244,29,0.79,83237593,42340027,40608938,1794640,284568,50165,78288,156531,82.53,79.15,3.5,8965157
2021-11-18,409099,3034,0.8,51305184,3215,28,0.79,82953025,42289862,40530650,1638109,237915,45508,61080,131674,82.43,79,3.19,9015322
2021-11-17,406065,3290,0.79,51305184,3187,29,0.78,82715110,42244354,40469570,1506435,249105,46093,67265,136213,82.34,78.88,2.94,9060830
2021-11-16,402775,3184,0.79,51305184,3158,21,0.78,82466005,42198261,40402305,1370222,224045,34140,48091,142257,82.25,78.75,2.67,9106923
2021-11-15,399591,2125,0.78,51305184,3137,22,0.79,82241960,42164121,40354214,1227965,317157,62671,89266,165564,82.18,78.66,2.39,9141063
2021-11-14,397466,2006,0.77,51305184,3115,12,0.78,81924803,42101450,40264948,1062401,8186,2383,3441,2411,82.06,78.48,2.07,9203734
2021-11-13,395460,2418,0.77,51305184,3103,20,0.78,81916617,42099067,40261507,1059990,208104,55586,101533,51124,82.06,78.47,2.07,9206117
2021-11-12,393042,2323,0.77,51305184,3083,32,0.78,81708513,42043481,40159974,1008866,373850,78850,150209,145321,81.95,78.28,1.97,9261703
2021-11-11,390719,2368,0.76,51305184,3051,18,0.78,81334663,41964631,40009765,863545,282313,64633,109324,108807,81.79,77.98,1.68,9340553
2021-11-10,388351,2520,0.76,51305184,3033,21,0.78,81052350,41899998,39900441,754738,273012,69116,107976,96450,81.67,77.77,1.47,9405186
2021-11-09,385831,2424,0.75,51305184,3012,14,0.78,80779338,41830882,39792465,658288,274231,46310,126709,101646,81.53,77.56,1.28,9474302
2021-11-08,383407,1713,0.75,51305184,2998,18,0.78,80505107,41784572,39665756,556642,466021,117140,164547,185012,81.44,77.31,1.08,9520612
2021-11-07,381694,1759,0.74,51305184,2980,13,0.78,80039086,41667432,39501209,371630,7505,2249,4538,826,81.21,76.99,0.72,9637752
2021-11-06,379935,2223,0.74,51305184,2967,11,0.78,80031581,41665183,39496671,370804,131340,45626,63333,22569,81.21,76.98,0.72,9640001
2021-11-05,377712,2248,0.74,51305184,2956,20,0.78,79900241,41619557,39433338,348235,293560,71774,163314,59126,81.12,76.86,0.68,9685627
2021-11-04,375464,2344,0.73,51305184,2936,20,0.78,79606681,41547783,39270024,289109,230802,60948,124978,45642,80.98,76.54,0.56,9757401
2021-11-03,373120,2480,0.73,51305184,2916,24,0.78,79375879,41486835,39145046,243467,199364,65348,76718,57967,80.86,76.3,0.47,9818349
2021-11-02,370640,2666,0.72,51305184,2892,18,0.78,79176515,41421487,39068328,185500,187866,42897,88240,57192,80.74,76.15,0.36,9883697
2021-11-01,367974,1588,0.72,51305184,2874,16,0.78,78988649,41378590,38980088,128308,237709,83476,119845,34977,80.65,75.98,0.25,9926594
2021-10-31,366386,1686,0.71,51305184,2858,9,0.78,78750940,41295114,38860243,93331,24603,3021,21501,362,80.49,75.74,0.18,10010070
2021-10-30,364700,2061,0.71,51305184,2849,19,0.78,78726337,41292093,38838742,92969,398837,36627,359123,3600,80.48,75.7,0.18,10013091
2021-10-29,362639,2103,0.71,51305184,2830,13,0.78,78327500,41255466,38479619,89369,773350,60913,703223,10618,80.41,75,0.17,10049718
2021-10-28,360536,2124,0.7,51305184,2817,9,0.78,77554150,41194553,37776396,78751,697020,63438,624653,9967,80.29,73.63,0.15,10110631
2021-10-27,358412,2107,0.7,51305184,2808,11,0.78,76857130,41131115,37151743,68784,349917,77957,259384,13633,80.17,72.41,0.13,10174069
2021-10-26,356305,1950,0.69,51305184,2797,9,0.79,76507213,41053158,36892359,55151,335549,41446,282105,13284,80.02,71.91,0.11,10252026
2021-10-25,354355,1266,0.69,51305184,2788,15,0.79,76171664,41011712,36610254,41867,520932,78733,434090,9331,79.94,71.36,0.08,10293472
2021-10-24,353089,1190,0.69,51305184,2773,7,0.79,75650732,40932979,36176164,32536,20696,3948,17159,122,79.78,70.51,0.06,10372205
2021-10-23,351899,1423,0.69,51305184,2766,21,0.79,75630036,40929031,36159005,32414,386620,51730,334670,728,79.78,70.48,0.06,10376153
2021-10-22,350476,1507,0.68,51305184,2745,20,0.78,75243416,40877301,35824335,31686,706134,66380,634907,6372,79.67,69.83,0.06,10427883
2021-10-21,348969,1440,0.68,51305184,2725,16,0.78,74537282,40810921,35189428,25314,474688,60028,409641,5994,79.55,68.59,0.05,10494263
2021-10-20,347529,1441,0.68,51305184,2709,11,0.78,74062594,40750893,34779787,19320,397454,69288,325045,4467,79.43,67.79,0.04,10554291
2021-10-19,346088,1570,0.67,51305184,2698,9,0.78,73665140,40681605,34454742,14853,486718,37748,447976,2205,79.29,67.16,0.03,10623579
2021-10-18,344518,1073,0.67,51305184,2689,21,0.78,73178422,40643857,34006766,12648,703970,72205,631477,1606,79.22,66.28,0.02,10661327
2021-10-17,343445,1049,0.67,51305184,2668,8,0.78,72474452,40571652,33375289,11042,21657,2058,20030,70,79.08,65.05,0.02,10733532
2021-10-16,342396,1418,0.67,51305184,2660,16,0.78,72452795,40569594,33355259,10972,419932,64648,355918,198,79.08,65.01,0.02,10735590
2021-10-15,340978,1617,0.66,51305184,2644,18,0.78,72032863,40504946,32999341,10774,812314,89961,721965,2464,78.95,64.32,0.02,10800238
2021-10-14,339361,1682,0.66,51305184,2626,8,0.77,71220549,40414985,32277376,8310,514619,55362,458854,1880,78.77,62.91,0.02,10890199
2021-10-13,337679,1937,0.66,51305184,2618,13,0.78,70705930,40359623,31818522,6430,470035,58020,412595,1509,78.67,62.02,0.01,10945561
2021-10-12,335742,1579,0.65,51305184,2605,11,0.78,70235895,40301603,31405927,4921,708029,107035,602188,872,78.55,61.21,0.01,11003581
2021-10-11,334163,1347,0.65,51305184,2594,11,0.78,69527866,40194568,30803739,4049,260808,93928,166920,119,78.34,60.04,0.01,11110616
2021-10-10,332816,1297,0.65,51305184,2583,8,0.78,69267058,40100640,30636819,3930,21187,2890,18520,67,78.16,59.71,0.01,11204544
2021-10-09,331519,1594,0.65,51305184,2575,15,0.78,69245871,40097750,30618299,3863,115399,11136,104589,105,78.16,59.68,0.01,11207434
2021-10-08,329925,1949,0.64,51305184,2560,6,0.78,69130472,40086614,30513710,3758,1144057,45592,1100580,117,78.13,59.47,0.01,11218570
2021-10-07,327976,2172,0.64,51305184,2554,10,0.78,67986415,40041022,29413130,3641,747153,37310,712199,117,78.04,57.33,0.01,11264162
2021-10-06,325804,2425,0.64,51305184,2544,8,0.78,67239262,40003712,28700931,3524,547034,37537,512193,130,77.97,55.94,0.01,11301472
2021-10-05,323379,2027,0.63,51305184,2536,12,0.78,66692228,39966175,28188738,3394,810609,45637,767636,139,77.9,54.94,0.01,11339009
2021-10-04,321352,1575,0.63,51305184,2524,11,0.79,65881619,39920538,27421102,3255,236581,25861,210830,138,77.81,53.45,0.01,11384646
2021-10-03,319777,1672,0.62,51305184,2513,6,0.79,65645038,39894677,27210272,3117,37335,3591,33781,59,77.76,53.04,0.01,11410507
2021-10-02,318105,2085,0.62,51305184,2507,3,0.79,65607703,39891086,27176491,3058,531024,124974,407930,67,77.75,52.97,0.01,11414098
2021-10-01,316020,2247,0.62,51305184,2504,7,0.79,65076679,39766112,26768561,2991,1097471,237284,862705,154,77.51,52.18,0.01,11539072
2021-09-30,313773,2484,0.61,51305184,2497,16,0.8,63979208,39528828,25905856,2837,884669,344851,543318,104,77.05,50.49,0.01,11776356
2021-09-29,311289,2564,0.61,51305184,2481,7,0.8,63094539,39183977,25362538,2733,755760,232168,527811,129,76.37,49.43,0.01,12121207
2021-09-28,308725,2883,0.6,51305184,2474,10,0.8,62338779,38951809,24834727,2604,946299,258032,691592,91,75.92,48.41,0.01,12353375
2021-09-27,305842,2289,0.6,51305184,2464,8,0.81,61392480,38693777,24143135,2513,1127190,417816,713130,105,75.42,47.06,0,12611407
2021-09-26,303553,2381,0.59,51305184,2456,6,0.81,60265290,38275961,23430005,2408,50419,26714,24413,40,74.6,45.67,0,13029223
2021-09-25,301172,2770,0.59,51305184,2450,9,0.81,60214871,38249247,23405592,2368,529297,313694,216463,54,74.55,45.62,0,13055937
2021-09-24,298402,3270,0.58,51305184,2441,7,0.82,59685574,37935553,23189129,2314,1029486,617704,416290,60,73.94,45.2,0,13369631
2021-09-23,295132,2433,0.58,51305184,2434,7,0.82,58656088,37317849,22772839,2254,935413,562359,377938,67,72.74,44.39,0,13987335
2021-09-22,292699,1716,0.57,51305184,2427,8,0.83,57720675,36755490,22394901,2187,44765,28038,16803,61,71.64,43.65,0,14549694
2021-09-21,290983,1720,0.57,51305184,2419,6,0.83,57675910,36727452,22378098,2126,11997,6954,5017,43,71.59,43.62,0,14577732
2021-09-20,289263,1727,0.56,51305184,2413,4,0.83,57663913,36720498,22373081,2083,45046,30365,14684,42,71.57,43.61,0,14584686
2021-09-19,287536,1605,0.56,51305184,2409,5,0.84,57618867,36690133,22358397,2041,47878,21628,26433,23,71.51,43.58,0,14615051
2021-09-18,285931,1909,0.56,51305184,2404,10,0.84,57570989,36668505,22331964,2018,579239,392961,191148,41,71.47,43.53,0,14636679
2021-09-17,284022,2084,0.55,51305184,2394,5,0.84,56991750,36275544,22140816,1977,1095943,661544,446044,59,70.71,43.16,0,15029640
2021-09-16,281938,2008,0.55,51305184,2389,3,0.85,55895807,35614000,21694772,1918,736061,431226,314771,49,69.42,42.29,0,15691184
2021-09-15,279930,1941,0.55,51305184,2386,6,0.85,55159746,35182774,21380001,1869,807860,376919,441007,66,68.58,41.67,0,16122410
2021-09-14,277989,2079,0.54,51305184,2380,13,0.86,54351886,34805855,20938994,1803,818060,602690,225602,75,67.84,40.81,0,16499329
2021-09-13,275910,1495,0.54,51305184,2367,7,0.86,53533826,34203165,20713392,1728,1245164,828508,423932,60,66.67,40.37,0,17102019
2021-09-12,274415,1433,0.53,51305184,2360,1,0.86,52288662,33374657,20289460,1668,45548,22359,26132,19,65.05,39.55,0,17930527
2021-09-11,272982,1755,0.53,51305184,2359,1,0.86,52243114,33352298,20263328,1649,532540,329083,213201,40,65.01,39.5,0,17952886
2021-09-10,271227,1865,0.53,51305184,2358,10,0.87,51710574,33023215,20050127,1609,1061751,653604,418883,68,64.37,39.08,0,18281969
2021-09-09,269362,1892,0.53,51305184,2348,5,0.87,50648823,32369611,19631244,1541,722200,440692,293107,54,63.09,38.26,0,18935573
2021-09-08,267470,2047,0.52,51305184,2343,9,0.88,49926623,31928919,19338137,1487,682620,386667,308177,59,62.23,37.69,0,19376265
2021-09-07,265423,2049,0.52,51305184,2334,4,0.88,49244003,31542252,19029960,1428,985951,575323,422252,64,61.48,37.09,0,19762932
2021-09-06,263374,1596,0.51,51305184,2330,3,0.88,48258052,30966929,18607708,1364,1370774,744444,635615,47,60.36,36.27,0,20338255
2021-09-05,261778,1375,0.51,51305184,2327,6,0.89,46887278,30222485,17972093,1317,15186,8964,8797,16,58.91,35.03,0,21082699
2021-09-04,260403,1490,0.51,51305184,2321,6,0.89,46872092,30213521,17963296,1301,371885,119330,261555,27,58.89,35.01,0,21091663
2021-09-03,258913,1803,0.5,51305184,2315,7,0.89,46500207,30094191,17701741,1274,917604,234241,700148,49,58.66,34.5,0,21210993
2021-09-02,257110,1709,0.5,51305184,2308,5,0.9,45582603,29859950,17001593,1225,669524,186950,500847,89,58.2,33.14,0,21445234
2021-09-01,255401,1956,0.5,51305184,2303,11,0.9,44913079,29673000,16500746,1136,697948,179267,535832,75,57.84,32.16,0,21632184
2021-08-31,253445,2024,0.49,51305184,2292,7,0.9,44215131,29493733,15964914,1061,764083,248486,531150,63,57.49,31.12,0,21811451
2021-08-30,251421,1370,0.49,51305184,2285,1,0.91,43451048,29245247,15433764,998,981293,390440,600576,58,57,30.08,0,22059937
2021-08-29,250051,1483,0.49,51305184,2284,5,0.91,42469755,28854807,14833188,940,30938,16646,16480,31,56.24,28.91,0,22450377
2021-08-28,248568,1617,0.48,51305184,2279,3,0.92,42438817,28838161,14816708,909,527472,277063,256505,30,56.21,28.88,0,22467023
2021-08-27,246951,1793,0.48,51305184,2276,11,0.92,41911345,28561098,14560203,879,1148514,603731,551825,50,55.67,28.38,0,22744086
2021-08-26,245158,1841,0.48,51305184,2265,8,0.92,40762831,27957367,14008378,829,1072422,654866,427387,52,54.49,27.3,0,23347817
2021-08-25,243317,1878,0.47,51305184,2257,20,0.93,39690409,27302501,13580991,777,846910,379075,479241,42,53.22,26.47,0,24002683
2021-08-24,241439,2152,0.47,51305184,2237,9,0.93,38843499,26923426,13101750,735,1002715,406480,605550,63,52.48,25.54,0,24381758
2021-08-23,239287,1505,0.47,51305184,2228,6,0.93,37840784,26516946,12496200,672,1104833,389041,720265,37,51.68,24.36,0,24788238
2021-08-22,237782,1416,0.46,51305184,2222,7,0.93,36735951,26127905,11775935,635,43739,40759,2969,27,50.93,22.95,0,25177279
2021-08-21,236366,1627,0.46,51305184,2215,13,0.94,36692212,26087146,11772966,608,490600,365860,124724,45,50.85,22.95,0,25218038
2021-08-20,234739,1880,0.46,51305184,2202,5,0.94,36201612,25721286,11648242,563,1026855,692425,334467,28,50.13,22.7,0,25583898
2021-08-19,232859,2051,0.45,51305184,2197,6,0.94,35174757,25028861,11313775,535,801079,506264,294833,48,48.78,22.05,0,26276323
2021-08-18,230808,2151,0.45,51305184,2191,13,0.95,34373678,24522597,11018942,487,846211,525114,321133,40,47.8,21.48,0,26782587
2021-08-17,228657,1803,0.45,51305184,2178,5,0.95,33527467,23997483,10697809,447,1223559,726454,497126,38,46.77,20.85,0,27307701
2021-08-16,226854,1373,0.44,51305184,2173,6,0.96,32303908,23271029,10200683,409,931045,673136,257943,38,45.36,19.88,0,28034155
2021-08-15,225481,1553,0.44,51305184,2167,11,0.96,31372863,22597893,9942740,371,25418,19100,6336,23,44.05,19.38,0,28707291
2021-08-14,223928,1817,0.44,51305184,2156,8,0.96,31347445,22578793,9936404,348,327719,144144,183590,19,44.01,19.37,0,28726391
2021-08-13,222111,1929,0.43,51305184,2148,4,0.97,31019726,22434649,9752814,329,867050,245085,622024,15,43.73,19.01,0,28870535
2021-08-12,220182,1990,0.43,51305184,2144,6,0.97,30152676,22189564,9130790,314,878134,170391,707768,20,43.25,17.8,0,29115620
2021-08-11,218192,1986,0.43,51305184,2138,3,0.98,29274542,22019173,8423022,294,344471,179649,164852,21,42.92,16.42,0,29286011
2021-08-10,216206,2219,0.42,51305184,2135,1,0.99,28930071,21839524,8258170,273,436173,265131,171109,20,42.57,16.1,0,29465660
2021-08-09,213987,1539,0.42,51305184,2134,9,1,28493898,21574393,8087061,253,613708,438139,175609,25,42.05,15.76,0,29730791
2021-08-08,212448,1492,0.41,51305184,2125,4,1,27880190,21136254,7911452,228,32057,28691,3375,9,41.2,15.42,0,30168930
2021-08-07,210956,1728,0.41,51305184,2121,5,1.01,27848133,21107563,7908077,219,160189,122924,37304,8,41.14,15.41,0,30197621
2021-08-06,209228,1822,0.41,51305184,2116,3,1.01,27687944,20984639,7870773,211,415696,257958,157808,5,40.9,15.34,0,30320545
2021-08-05,207406,1704,0.4,51305184,2113,4,1.02,27272248,20726681,7712965,206,324026,195299,128811,5,40.4,15.03,0,30578503
2021-08-04,205702,1776,0.4,51305184,2109,3,1.03,26948222,20531382,7584154,201,279659,167692,112093,18,40.02,14.78,0,30773802
2021-08-03,203926,1723,0.4,51305184,2106,2,1.03,26668563,20363690,7472061,183,331049,221946,109173,14,39.69,14.56,0,30941494
2021-08-02,202203,1201,0.39,51305184,2104,5,1.04,26337514,20141744,7362888,169,516354,478283,38195,9,39.26,14.35,0,31163440
2021-08-01,201002,1215,0.39,51305184,2099,1,1.04,25821160,19663461,7324693,160,30275,28653,1641,7,38.33,14.28,0,31641723
2021-07-31,199787,1442,0.39,51305184,2098,3,1.05,25790885,19634808,7323052,153,231758,216758,15052,5,38.27,14.27,0,31670376
2021-07-30,198345,1539,0.39,51305184,2095,6,1.06,25559127,19418050,7308000,148,560890,498589,62411,5,37.85,14.24,0,31887134
2021-07-29,196806,1707,0.38,51305184,2089,4,1.06,24998237,18919461,7245589,143,394472,349098,45478,10,36.88,14.12,0,32385723
2021-07-28,195099,1672,0.38,51305184,2085,2,1.07,24603765,18570363,7200111,133,526038,481398,44746,10,36.2,14.03,0,32734821
2021-07-27,193427,1851,0.38,51305184,2083,4,1.08,24077727,18088965,7155365,123,434019,383338,50804,3,35.26,13.95,0,33216219
2021-07-26,191576,1410,0.37,51305184,2079,2,1.09,23643708,17705627,7104561,120,687556,620450,67318,7,34.51,13.85,0,33599557
2021-07-25,190166,1318,0.37,51305184,2077,4,1.09,22956152,17085177,7037243,113,3594,2261,1370,2,33.3,13.72,0,34220007
2021-07-24,188848,1487,0.37,51305184,2073,5,1.1,22952558,17082916,7035873,111,43095,30215,12948,2,33.3,13.71,0,34222268
2021-07-23,187361,1628,0.37,51305184,2068,2,1.11,22909463,17052701,7022925,109,210189,147952,62349,3,33.24,13.69,0,34252483
2021-07-22,185733,1630,0.36,51305184,2066,3,1.11,22699274,16904749,6960576,106,203798,141913,61954,2,32.95,13.57,0,34400435
2021-07-21,184103,1838,0.36,51305184,2063,3,1.12,22495476,16762836,6898622,104,182820,141069,41871,0,32.67,13.45,0,34542348
2021-07-20,182265,1784,0.36,51305184,2060,1,1.13,22312656,16621767,6856751,104,215172,152079,63198,1,32.4,13.36,0,34683417
2021-07-19,180481,1278,0.35,51305184,2059,1,1.14,22097484,16469688,6793553,103,234451,161517,73056,3,32.1,13.24,0,34835496
2021-07-18,179203,1252,0.35,51305184,2058,1,1.15,21863033,16308171,6720497,100,4693,3263,1450,2,31.79,13.1,0,34997013
2021-07-17,177951,1451,0.35,51305184,2057,2,1.16,21858340,16304908,6719047,98,73726,35705,38076,6,31.78,13.1,0,35000276
2021-07-16,176500,1454,0.34,51305184,2055,4,1.16,21784614,16269203,6680971,92,322444,136459,186098,2,31.71,13.02,0,35035981
2021-07-15,175046,1535,0.34,51305184,2051,1,1.17,21462170,16132744,6494873,90,268959,124715,144336,9,31.44,12.66,0,35172440
2021-07-14,173511,1600,0.34,51305184,2050,2,1.18,21193211,16008029,6350537,81,237515,113708,123892,6,31.2,12.38,0,35297155
2021-07-13,171911,1615,0.34,51305184,2048,2,1.19,20955696,15894321,6226645,75,221244,109818,111522,2,30.98,12.14,0,35410863
2021-07-12,170296,1150,0.33,51305184,2046,2,1.2,20734452,15784503,6115123,73,127976,32910,95129,7,30.77,11.92,0,35520681
2021-07-11,169146,1100,0.33,51305184,2044,1,1.21,20606476,15751593,6019994,66,3349,1490,1877,2,30.7,11.73,0,35553591
2021-07-10,168046,1324,0.33,51305184,2043,5,1.22,20603127,15750103,6018117,64,54835,14263,40634,4,30.7,11.73,0,35555081
2021-07-09,166722,1378,0.32,51305184,2038,2,1.22,20548292,15735840,5977483,60,210681,60466,150331,3,30.67,11.65,0,35569344
2021-07-08,165344,1316,0.32,51305184,2036,2,1.23,20337611,15675374,5827152,57,148232,40511,107837,4,30.55,11.36,0,35629810
2021-07-07,164028,1275,0.32,51305184,2034,1,1.24,20189379,15634863,5719315,53,127997,37613,90532,2,30.47,11.15,0,35670321
2021-07-06,162753,1212,0.32,51305184,2033,1,1.25,20061382,15597250,5628783,51,133063,40929,92234,2,30.4,10.97,0,35707934
2021-07-05,161541,746,0.31,51305184,2032,4,1.26,19928319,15556321,5536549,49,134597,56897,77751,0,30.32,10.79,0,35748863
2021-07-04,160795,711,0.31,51305184,2028,2,1.26,19793722,15499424,5458798,49,2586,1357,1261,0,30.21,10.64,0,35805760
2021-07-03,160084,742,0.31,51305184,2026,1,1.27,19791136,15498067,5457537,49,21131,3347,18238,2,30.21,10.64,0,35807117
2021-07-02,159342,793,0.31,51305184,2025,1,1.27,19770005,15494720,5439299,47,129274,8080,122407,0,30.2,10.6,0,35810464
2021-07-01,158549,826,0.31,51305184,2024,3,1.28,19640731,15486640,5316892,47,128127,7317,122020,1,30.19,10.36,0,35818544
2021-06-30,157723,762,0.31,51305184,2021,3,1.28,19512604,15479323,5194872,46,154160,17273,138169,1,30.17,10.13,0,35825861
2021-06-29,156961,794,0.31,51305184,2018,1,1.29,19358444,15462050,5056703,45,163871,19048,145944,1,30.14,9.86,0,35843134
2021-06-28,156167,595,0.3,51305184,2017,2,1.29,19194573,15443002,4910759,44,159556,14951,145571,1,30.1,9.57,0,35862182
2021-06-27,155572,501,0.3,51305184,2015,2,1.3,19035017,15428051,4765188,43,2834,895,1993,0,30.07,9.29,0,35877133
2021-06-26,155071,614,0.3,51305184,2013,1,1.3,19032183,15427156,4763195,43,37455,12533,25093,0,30.07,9.28,0,35878028
2021-06-25,154457,668,0.3,51305184,2012,3,1.3,18994728,15414623,4738102,43,163327,65719,98270,1,30.04,9.24,0,35890561
2021-06-24,153789,634,0.3,51305184,2009,1,1.31,18831401,15348904,4639832,42,155308,47295,108838,1,29.92,9.04,0,35956280
2021-06-23,153155,610,0.3,51305184,2008,1,1.31,18676093,15301609,4530994,41,165212,45719,121020,1,29.82,8.83,0,36003575
2021-06-22,152545,644,0.3,51305184,2007,1,1.32,18510881,15255890,4409974,40,173729,50341,126371,3,29.74,8.6,0,36049294
2021-06-21,151901,395,0.3,51305184,2006,2,1.32,18337152,15205549,4283603,37,163447,49052,118167,1,29.64,8.35,0,36099635
2021-06-20,151506,357,0.3,51305184,2004,2,1.32,18173705,15156497,4165436,36,3423,1465,2403,0,29.54,8.12,0,36148687
2021-06-19,151149,429,0.29,51305184,2002,5,1.32,18170282,15155032,4163033,36,235783,217317,37605,1,29.54,8.11,0,36150152
2021-06-18,150720,482,0.29,51305184,1997,1,1.32,17934499,14937715,4125428,35,636499,538425,129434,1,29.12,8.04,0,36367469
2021-06-17,150238,507,0.29,51305184,1996,2,1.33,17298000,14399290,3995994,34,548147,444304,130151,1,28.07,7.79,0,36905894
2021-06-16,149731,540,0.29,51305184,1994,1,1.33,16749853,13954986,3865843,33,674358,569607,283053,1,27.2,7.53,0,37350198
2021-06-15,149191,544,0.29,51305184,1993,1,1.34,16075495,13385379,3582790,32,744618,648055,209365,0,26.09,6.98,0,37919805
2021-06-14,148647,374,0.29,51305184,1992,4,1.34,15330877,12737324,3373425,32,856232,770015,258712,3,24.83,6.58,0,38567860
2021-06-13,148273,399,0.29,51305184,1988,3,1.34,14474645,11967309,3114713,29,30139,28541,13399,2,23.33,6.07,0,39337875
2021-06-12,147874,452,0.29,51305184,1985,3,1.34,14444506,11938768,3101314,27,396437,389854,120877,1,23.27,6.04,0,39366416
2021-06-11,147422,563,0.29,51305184,1982,1,1.34,14048069,11548914,2980437,26,864075,827659,239003,1,22.51,5.81,0,39756270
2021-06-10,146859,556,0.29,51305184,1981,2,1.35,13183994,10721255,2741434,25,803979,767791,289314,1,20.9,5.34,0,40583929
2021-06-09,146303,611,0.29,51305184,1979,2,1.35,12380015,9953464,2452120,24,618998,594072,25099,1,19.4,4.78,0,41351720
2021-06-08,145692,601,0.28,51305184,1977,2,1.36,11761017,9359392,2427021,23,772931,746214,26828,2,18.24,4.73,0,41945792
2021-06-07,145091,454,0.28,51305184,1975,1,1.36,10988086,8613178,2400193,21,915819,894248,21722,1,16.79,4.68,0,42692006
2021-06-06,144637,485,0.28,51305184,1974,1,1.36,10072267,7718930,2378471,20,4717,3976,767,1,15.05,4.64,0,43586254
2021-06-05,144152,556,0.28,51305184,1973,2,1.37,10067550,7714954,2377704,19,144799,141291,3576,1,15.04,4.63,0,43590230
2021-06-04,143596,744,0.28,51305184,1971,2,1.37,9922751,7573663,2374128,18,401500,370134,31600,2,14.76,4.63,0,43731521
2021-06-03,142852,695,0.28,51305184,1969,1,1.38,9521251,7203529,2342528,16,371761,344922,26942,1,14.04,4.57,0,44101655
2021-06-02,142157,681,0.28,51305184,1968,3,1.38,9149490,6858607,2315586,15,407277,383583,23823,1,13.37,4.51,0,44446577
2021-06-01,141476,677,0.28,51305184,1965,2,1.39,8742213,6475024,2291763,14,595573,568254,27469,2,12.62,4.47,0,44830160
2021-05-31,140799,459,0.27,51305184,1963,4,1.39,8146640,5906770,2264294,12,415134,387159,28027,2,11.51,4.41,0,45398414
2021-05-30,140340,430,0.27,51305184,1959,2,1.4,7731506,5519611,2236267,10,6853,6222,655,1,10.76,4.36,0,45785573
2021-05-29,139910,479,0.27,51305184,1957,6,1.4,7724653,5513389,2235612,9,175685,166070,9662,1,10.75,4.36,0,45791795
2021-05-28,139431,533,0.27,51305184,1951,5,1.4,7548968,5347319,2225950,8,611507,545438,66144,0,10.42,4.34,0,45957865
2021-05-27,138898,587,0.27,51305184,1946,3,1.4,6937461,4801881,2159806,8,717877,661928,56340,0,9.36,4.21,0,46503303
2021-05-26,138311,629,0.27,51305184,1943,3,1.4,6219584,4139953,2103466,8,157362,88926,68588,1,8.07,4.1,0,47165231
2021-05-25,137682,699,0.27,51305184,1940,2,1.41,6062222,4051027,2034878,7,173753,79620,94351,0,7.9,3.97,0,47254157
2021-05-24,136983,516,0.27,51305184,1938,4,1.41,5888469,3971407,1940527,7,177686,72559,105320,0,7.74,3.78,0,47333777
2021-05-23,136467,538,0.27,51305184,1934,3,1.42,5710783,3898848,1835207,7,4252,1051,3218,0,7.6,3.58,0,47406336
2021-05-22,135929,585,0.26,51305184,1931,5,1.42,5706531,3897797,1831989,7,43001,6470,36621,0,7.6,3.57,0,47407387
2021-05-21,135344,666,0.26,51305184,1926,4,1.42,5663530,3891327,1795368,7,241657,16471,225545,0,7.58,3.5,0,47413857
2021-05-20,134678,561,0.26,51305184,1922,6,1.43,5421873,3874856,1569823,7,224772,14181,210787,0,7.55,3.06,0,47430328
2021-05-19,134117,646,0.26,51305184,1916,4,1.43,5197101,3860675,1359036,7,97106,3763,93395,0,7.52,2.65,0,47444509
2021-05-18,133471,653,0.26,51305184,1912,8,1.43,5099995,3856912,1265641,7,155820,14118,141850,0,7.52,2.47,0,47448272
2021-05-17,132818,528,0.26,51305184,1904,1,1.43,4944175,3842794,1123791,7,115732,15142,100807,0,7.49,2.19,0,47462390
2021-05-16,132290,619,0.26,51305184,1903,3,1.44,4828443,3827652,1022984,7,7294,1548,5771,0,7.46,1.99,0,47477532
2021-05-15,131671,610,0.26,51305184,1900,4,1.44,4821149,3826104,1017213,7,34128,3093,31096,1,7.46,1.98,0,47479080
2021-05-14,131061,681,0.26,51305184,1896,3,1.45,4787021,3823011,986117,6,94151,13320,81237,0,7.45,1.92,0,47482173
2021-05-13,130380,747,0.25,51305184,1893,2,1.45,4692870,3809691,904880,6,89542,10951,78997,0,7.43,1.76,0,47495493
2021-05-12,129633,715,0.25,51305184,1891,7,1.46,4603328,3798740,825883,6,91567,8143,83638,0,7.4,1.61,0,47506444
2021-05-11,128918,635,0.25,51305184,1884,5,1.46,4511761,3790597,742245,6,91637,10512,81520,1,7.39,1.45,0,47514587
2021-05-10,128283,511,0.25,51305184,1879,4,1.46,4420124,3780085,660725,5,93683,15638,78529,0,7.37,1.29,0,47525099
2021-05-09,127772,463,0.25,51305184,1875,1,1.47,4326441,3764447,582196,5,6503,992,5538,0,7.34,1.13,0,47540737
2021-05-08,127309,564,0.25,51305184,1874,9,1.47,4319938,3763455,576658,5,42351,13648,28743,0,7.34,1.12,0,47541729
2021-05-07,126745,701,0.25,51305184,1865,5,1.47,4277587,3749807,547915,5,127768,49936,78372,0,7.31,1.07,0,47555377
2021-05-06,126044,525,0.25,51305184,1860,9,1.48,4149819,3699871,469543,5,133757,59566,74761,0,7.21,0.92,0,47605313
2021-05-05,125519,574,0.24,51305184,1851,4,1.47,4016062,3640305,394782,5,33498,7090,26566,1,7.1,0.77,0,47664879
2021-05-04,124945,676,0.24,51305184,1847,7,1.48,3982564,3633215,368216,4,108699,76451,32897,0,7.08,0.72,0,47671969
2021-05-03,124269,541,0.24,51305184,1840,6,1.48,3873865,3556764,335319,4,118990,87489,32268,0,6.93,0.65,0,47748420
2021-05-02,123728,488,0.24,51305184,1834,1,1.48,3754875,3469275,303051,4,3708,2464,1266,0,6.76,0.59,0,47835909
2021-05-01,123240,606,0.24,51305184,1833,2,1.49,3751167,3466811,301785,4,49862,41125,8855,0,6.76,0.59,0,47838373
2021-04-30,122634,627,0.24,51305184,1831,3,1.49,3701305,3425686,292930,4,309221,278156,32098,1,6.68,0.57,0,47879498
2021-04-29,122007,656,0.24,51305184,1828,3,1.5,3392084,3147530,260832,3,293178,261884,31345,0,6.13,0.51,0,48157654
2021-04-28,121351,678,0.24,51305184,1825,4,1.5,3098906,2885646,229487,3,253641,231860,21813,0,5.62,0.45,0,48419538
2021-04-27,120673,775,0.24,51305184,1821,1,1.51,2845265,2653786,207674,3,199977,177050,22964,0,5.17,0.4,0,48651398
2021-04-26,119898,511,0.23,51305184,1820,3,1.52,2645288,2476736,184710,3,165497,143017,22495,0,4.83,0.36,0,48828448
2021-04-25,119387,500,0.23,51305184,1817,4,1.52,2479791,2333719,162215,3,8126,7181,951,0,4.55,0.32,0,48971465
2021-04-24,118887,644,0.23,51305184,1813,1,1.52,2471665,2326538,161264,3,72604,65943,6664,0,4.53,0.31,0,48978646
2021-04-23,118243,785,0.23,51305184,1812,1,1.53,2399061,2260595,154600,3,181493,160756,20747,0,4.41,0.3,0,49044589
2021-04-22,117458,797,0.23,51305184,1811,3,1.54,2217568,2099839,133853,3,152351,132644,19710,0,4.09,0.26,0,49205345
2021-04-21,116661,735,0.23,51305184,1808,2,1.55,2065217,1967195,114143,3,134754,133325,1455,0,3.83,0.22,0,49337989
2021-04-20,115926,731,0.23,51305184,1806,4,1.56,1930463,1833870,112688,3,132737,131576,1165,0,3.57,0.22,0,49471314
2021-04-19,115195,549,0.22,51305184,1802,1,1.56,1797726,1702294,111523,3,124023,123125,902,0,3.32,0.22,0,49602890
2021-04-18,114646,531,0.22,51305184,1801,4,1.57,1673703,1579169,110621,3,6047,5623,429,0,3.08,0.22,0,49726015
2021-04-17,114115,671,0.22,51305184,1797,3,1.57,1667656,1573546,110192,3,31159,30464,699,0,3.07,0.21,0,49731638
2021-04-16,113444,655,0.22,51305184,1794,4,1.58,1636497,1543082,109493,3,105393,104104,1304,0,3.01,0.21,0,49762102
2021-04-15,112789,672,0.22,51305184,1790,2,1.59,1531104,1438978,108189,3,95091,94162,933,0,2.8,0.21,0,49866206
2021-04-14,112117,698,0.22,51305184,1788,6,1.59,1436013,1344816,107256,3,48179,47200,988,0,2.62,0.21,0,49960368
2021-04-13,111419,731,0.22,51305184,1782,7,1.6,1387834,1297616,106268,3,46823,46052,1793,0,2.53,0.21,0,50007568
2021-04-12,110688,542,0.22,51305184,1775,5,1.6,1341011,1251564,104475,3,41431,40639,2475,0,2.44,0.2,0,50053620
2021-04-11,110146,587,0.21,51305184,1770,2,1.61,1299580,1210925,102000,3,1613,1229,473,0,2.36,0.2,0,50094259
2021-04-10,109559,614,0.21,51305184,1768,3,1.61,1297967,1209696,101527,3,12176,10612,2295,1,2.36,0.2,0,50095488
2021-04-09,108945,676,0.21,51305184,1765,1,1.62,1285791,1199084,99232,2,44715,36468,9862,0,2.34,0.19,0,50106100
2021-04-08,108269,671,0.21,51305184,1764,6,1.63,1241076,1162616,89370,2,50093,39513,11957,0,2.27,0.17,0,50142568
2021-04-07,107598,700,0.21,51305184,1758,2,1.63,1190983,1123103,77413,2,49499,39591,11266,0,2.19,0.15,0,50182081
2021-04-06,106898,668,0.21,51305184,1756,4,1.64,1141484,1083512,66147,2,46619,40040,7520,0,2.11,0.13,0,50221672
2021-04-05,106230,478,0.21,51305184,1752,4,1.65,1094865,1043472,58627,2,38703,37992,1766,0,2.03,0.11,0,50261712
2021-04-04,105752,473,0.21,51305184,1748,4,1.65,1056162,1005480,56861,2,1506,1249,299,0,1.96,0.11,0,50299704
2021-04-03,105279,543,0.21,51305184,1744,4,1.66,1054656,1004231,56562,2,10483,9603,969,0,1.96,0.11,0,50300953
2021-04-02,104736,542,0.2,51305184,1740,3,1.66,1044173,994628,55593,2,47842,40716,7693,0,1.94,0.11,0,50310556
2021-04-01,104194,555,0.2,51305184,1737,2,1.67,996331,953912,47900,2,45966,38066,8021,0,1.86,0.09,0,50351272
2021-03-31,103639,551,0.2,51305184,1735,4,1.67,950365,915846,39879,2,29289,23917,5422,0,1.79,0.08,0,50389338
2021-03-30,103088,506,0.2,51305184,1731,2,1.68,921076,891929,34457,2,31478,28777,2743,0,1.74,0.07,0,50413255
2021-03-29,102582,441,0.2,51305184,1729,3,1.69,889598,863152,31714,2,28172,26758,1439,0,1.68,0.06,0,50442032
2021-03-28,102141,384,0.2,51305184,1726,4,1.69,861426,836394,30275,2,1093,852,250,0,1.63,0.06,0,50468790
2021-03-27,101757,482,0.2,51305184,1722,1,1.69,860333,835542,30025,2,2825,2471,382,0,1.63,0.06,0,50469642
2021-03-26,101275,505,0.2,51305184,1721,5,1.7,857508,833071,29643,2,27627,25779,2099,0,1.62,0.06,0,50472113
2021-03-25,100770,494,0.2,51305184,1716,7,1.7,829881,807292,27544,2,35480,33818,1952,0,1.57,0.05,0,50497892
2021-03-24,100276,430,0.2,51305184,1709,2,1.7,794401,773474,25592,2,30983,29396,1614,0,1.51,0.05,0,50531710
2021-03-23,99846,425,0.19,51305184,1707,3,1.71,763418,744078,23978,2,22651,21572,1293,0,1.45,0.05,0,50561106
2021-03-22,99421,346,0.19,51305184,1704,7,1.71,740767,722506,22685,2,5452,4859,751,0,1.41,0.04,0,50582678
2021-03-21,99075,410,0.19,51305184,1697,1,1.71,735315,717647,21934,2,1228,803,444,0,1.4,0.04,0,50587537
2021-03-20,98665,456,0.19,51305184,1696,3,1.72,734087,716844,21490,2,2474,1970,531,0,1.4,0.04,0,50588340
2021-03-19,98209,452,0.19,51305184,1693,3,1.72,731613,714874,20959,2,18929,18524,995,0,1.39,0.04,0,50590310
2021-03-18,97757,463,0.19,51305184,1690,2,1.73,712684,696350,19964,2,21241,20739,883,0,1.36,0.04,0,50608834
2021-03-17,97294,445,0.19,51305184,1688,2,1.73,691443,675611,19081,2,21691,21391,909,0,1.32,0.04,0,50629573
2021-03-16,96849,469,0.19,51305184,1686,8,1.74,669752,654220,18172,2,20812,20475,1027,0,1.28,0.04,0,50650964
2021-03-15,96380,363,0.19,51305184,1678,3,1.74,648940,633745,17145,2,14432,14168,1163,0,1.24,0.03,0,50671439
2021-03-14,96017,382,0.19,51305184,1675,6,1.74,634508,619577,15982,2,1867,1791,132,0,1.21,0.03,0,50685607
2021-03-13,95635,459,0.19,51305184,1669,2,1.75,632641,617786,15850,2,4608,4469,202,0,1.2,0.03,0,50687398
2021-03-12,95176,490,0.19,51305184,1667,5,1.75,628033,613317,15648,2,39492,39166,579,0,1.2,0.03,0,50691867
2021-03-11,94686,488,0.18,51305184,1662,10,1.76,588541,574151,15069,2,45834,45421,646,0,1.12,0.03,0,50731033
2021-03-10,94198,465,0.18,51305184,1652,4,1.75,542707,528730,14423,2,55289,55003,557,0,1.03,0.03,0,50776454
2021-03-09,93733,470,0.18,51305184,1648,3,1.76,487418,473727,13866,2,64683,64253,453,0,0.92,0.03,0,50831457
2021-03-08,93263,446,0.18,51305184,1645,3,1.76,422735,409474,13413,2,68316,68091,257,0,0.8,0.03,0,50895710
2021-03-07,92817,346,0.18,51305184,1642,8,1.77,354419,341383,13156,2,2493,2422,92,0,0.67,0.03,0,50963801
2021-03-06,92471,416,0.18,51305184,1634,2,1.77,351926,338961,13064,2,18593,18461,156,0,0.66,0.03,0,50966223
2021-03-05,92055,417,0.18,51305184,1632,5,1.77,333333,320500,12908,2,71534,71143,401,0,0.62,0.03,0,50984684
2021-03-04,91638,398,0.18,51305184,1627,8,1.78,261799,249357,12507,2,71184,70694,500,0,0.49,0.02,0,51055827
2021-03-03,91240,424,0.18,51305184,1619,7,1.77,190615,178663,12007,2,69660,69374,290,0,0.35,0.02,0,51126521
2021-03-02,90816,444,0.18,51305184,1612,6,1.78,120955,109289,11717,2,66500,66215,287,1,0.21,0.02,0,51195895
2021-03-01,90372,341,0.18,51305184,1606,1,1.78,54455,43074,11430,1,2165,1920,250,0,0.08,0.02,0,51262110
2021-02-28,90031,355,0.18,51305184,1605,2,1.78,52290,41154,11180,1,1123,1023,100,0,0.08,0.02,0,51264030
2021-02-27,89676,355,0.17,51305184,1603,8,1.79,51167,40131,11080,1,1938,1734,206,0,0.08,0.02,0,51265053
2021-02-26,89321,399,0.17,51305184,1595,10,1.79,49229,38397,10874,1,,,,,0.07,0.02,0,51266787
2021-02-25,88922,406,0.17,51305184,1585,4,1.78,,,,,,,,,,,,51305184
2021-02-24,88516,396,0.17,51305184,1581,5,1.79,,,,,,,,,,,,51305184
2021-02-23,88120,439,0.17,51305184,1576,3,1.79,,,,,,,,,,,,51305184
2021-02-22,87681,357,0.17,51305184,1573,11,1.79,,,,,,,,,,,,51305184
2021-02-21,87324,332,0.17,51305184,1562,5,1.79,,,,,,,,,,,,51305184
2021-02-20,86992,418,0.17,51305184,1557,4,1.79,,,,,,,,,,,,51305184
2021-02-19,86574,446,0.17,51305184,1553,3,1.79,,,,,,,,,,,,51305184
2021-02-18,86128,561,0.17,51305184,1550,6,1.8,,,,,,,,,,,,51305184
2021-02-17,85567,621,0.17,51305184,1544,6,1.8,,,,,,,,,,,,51305184
2021-02-16,84946,621,0.17,51305184,1538,4,1.81,,,,,,,,,,,,51305184
2021-02-15,84325,456,0.16,51305184,1534,7,1.82,,,,,,,,,,,,51305184
2021-02-14,83869,344,0.16,51305184,1527,5,1.82,,,,,,,,,,,,51305184
2021-02-13,83525,326,0.16,51305184,1522,8,1.82,,,,,,,,,,,,51305184
2021-02-12,83199,362,0.16,51305184,1514,7,1.82,,,,,,,,,,,,51305184
2021-02-11,82837,403,0.16,51305184,1507,11,1.82,,,,,,,,,,,,51305184
2021-02-10,82434,504,0.16,51305184,1496,10,1.81,,,,,,,,,,,,51305184
2021-02-09,81930,443,0.16,51305184,1486,4,1.81,,,,,,,,,,,,51305184
2021-02-08,81487,302,0.16,51305184,1482,8,1.82,,,,,,,,,,,,51305184
2021-02-07,81185,289,0.16,51305184,1474,3,1.82,,,,,,,,,,,,51305184
2021-02-06,80896,372,0.16,51305184,1471,7,1.82,,,,,,,,,,,,51305184
2021-02-05,80524,393,0.16,51305184,1464,5,1.82,,,,,,,,,,,,51305184
2021-02-04,80131,369,0.16,51305184,1459,11,1.82,,,,,,,,,,,,51305184
2021-02-03,79762,451,0.16,51305184,1448,7,1.82,,,,,,,,,,,,51305184
2021-02-02,79311,467,0.15,51305184,1441,6,1.82,,,,,,,,,,,,51305184
2021-02-01,78844,336,0.15,51305184,1435,10,1.82,,,,,,,,,,,,51305184
2021-01-31,78508,303,0.15,51305184,1425,5,1.82,,,,,,,,,,,,51305184
2021-01-30,78205,355,0.15,51305184,1420,6,1.82,,,,,,,,,,,,51305184
2021-01-29,77850,455,0.15,51305184,1414,15,1.82,,,,,,,,,,,,51305184
2021-01-28,77395,469,0.15,51305184,1399,13,1.81,,,,,,,,,,,,51305184
2021-01-27,76926,497,0.15,51305184,1386,8,1.8,,,,,,,,,,,,51305184
2021-01-26,76429,554,0.15,51305184,1378,7,1.8,,,,,,,,,,,,51305184
2021-01-25,75875,354,0.15,51305184,1371,11,1.81,,,,,,,,,,,,51305184
2021-01-24,75521,437,0.15,51305184,1360,11,1.8,,,,,,,,,,,,51305184
2021-01-23,75084,392,0.15,51305184,1349,12,1.8,,,,,,,,,,,,51305184
2021-01-22,74692,430,0.15,51305184,1337,9,1.79,,,,,,,,,,,,51305184
2021-01-21,74262,344,0.14,51305184,1328,12,1.79,,,,,,,,,,,,51305184
2021-01-20,73918,400,0.14,51305184,1316,16,1.78,,,,,,,,,,,,51305184
2021-01-19,73518,403,0.14,51305184,1300,17,1.77,,,,,,,,,,,,51305184
2021-01-18,73115,386,0.14,51305184,1283,19,1.75,,,,,,,,,,,,51305184
2021-01-17,72729,389,0.14,51305184,1264,15,1.74,,,,,,,,,,,,51305184
2021-01-16,72340,520,0.14,51305184,1249,13,1.73,,,,,,,,,,,,51305184
2021-01-15,71820,579,0.14,51305184,1236,19,1.72,,,,,,,,,,,,51305184
2021-01-14,71241,513,0.14,51305184,1217,22,1.71,,,,,,,,,,,,51305184
2021-01-13,70728,516,0.14,51305184,1195,10,1.69,,,,,,,,,,,,51305184
2021-01-12,70212,561,0.14,51305184,1185,20,1.69,,,,,,,,,,,,51305184
2021-01-11,69651,537,0.14,51305184,1165,25,1.67,,,,,,,,,,,,51305184
2021-01-10,69114,450,0.13,51305184,1140,15,1.65,,,,,,,,,,,,51305184
2021-01-09,68664,665,0.13,51305184,1125,25,1.64,,,,,,,,,,,,51305184
2021-01-08,67999,641,0.13,51305184,1100,19,1.62,,,,,,,,,,,,51305184
2021-01-07,67358,672,0.13,51305184,1081,35,1.6,,,,,,,,,,,,51305184
2021-01-06,66686,868,0.13,51305184,1046,19,1.57,,,,,,,,,,,,51305184
2021-01-05,65818,839,0.13,51305184,1027,20,1.56,,,,,,,,,,,,51305184
2021-01-04,64979,715,0.13,51305184,1007,26,1.55,,,,,,,,,,,,51305184
2021-01-03,64264,1020,0.13,51305184,981,19,1.53,,,,,,,,,,,,51305184
2021-01-02,63244,651,0.12,51305184,962,20,1.52,,,,,,,,,,,,51305184
2021-01-01,62593,824,0.12,51305184,942,25,1.5,,,,,,,,,,,,51305184
