일자,누적확진,신규확진,인구확진률,인구,누적사망,신규사망,사망률,누적 1차,누적 2차,당일1차,당일2차,1차접종률,2차접종률,미접종자수
2022-05-23,17993985,26313,35.06,51329905,24006,19,0.13,45049534,44570419,471,732,87.76,86.83,6280371
2022-05-22,17967672,9975,35,51329905,23987,22,0.13,45049063,44569687,6,11,87.76,86.83,6280842
2022-05-21,17957697,19298,34.98,51329905,23965,54,0.13,45049057,44569676,530,772,87.76,86.83,6280848
2022-05-20,17938399,23442,34.95,51329905,23911,26,0.13,45048527,44568904,1138,1912,87.76,86.83,6281378
2022-05-19,17914957,25108,34.9,51329905,23885,43,0.13,45047389,44566992,508,842,87.76,86.82,6282516
2022-05-18,17889849,28105,34.85,51329905,23842,40,0.13,45046881,44566150,532,760,87.76,86.82,6283024
2022-05-17,17861744,31315,34.8,51329905,23802,31,0.13,45046349,44565390,518,678,87.76,86.82,6283556
2022-05-16,17830429,35072,34.74,51329905,23771,27,0.13,45045831,44564712,575,760,87.76,86.82,6284074
2022-05-15,17795357,13296,34.67,51329905,23744,35,0.13,45045256,44563952,9,7,87.76,86.82,6284649
2022-05-14,17782061,25434,34.64,51329905,23709,48,0.13,45045247,44563945,705,739,87.76,86.82,6284658
2022-05-13,17756627,29541,34.59,51329905,23661,55,0.13,45044542,44563206,1482,1970,87.75,86.82,6285363
2022-05-12,17727086,32409,34.54,51329905,23606,52,0.13,45043060,44561236,713,929,87.75,86.81,6286845
2022-05-11,17694677,35883,34.47,51329905,23554,63,0.13,45042347,44560307,602,905,87.75,86.81,6287558
2022-05-10,17658794,43899,34.4,51329905,23491,29,0.13,45041745,44559402,607,825,87.75,86.81,6288160
2022-05-09,17614895,49896,34.32,51329905,23462,62,0.13,45041138,44558577,716,894,87.75,86.81,6288767
2022-05-08,17564999,20601,34.22,51329905,23400,40,0.13,45040422,44557683,12,7,87.75,86.81,6289483
2022-05-07,17544398,40064,34.18,51329905,23360,71,0.13,45040410,44557676,604,745,87.75,86.81,6289495
2022-05-06,17504334,39552,34.1,51329905,23289,83,0.13,45039806,44556931,1989,2580,87.75,86.81,6290099
2022-05-05,17464782,26714,34.02,51329905,23206,48,0.13,45037817,44554351,49,48,87.74,86.8,6292088
2022-05-04,17438068,42277,33.97,51329905,23158,79,0.13,45037768,44554303,921,946,87.74,86.8,6292137
2022-05-03,17395791,49038,33.89,51329905,23079,72,0.13,45036847,44553357,752,968,87.74,86.8,6293058
2022-05-02,17346753,51020,33.79,51329905,23007,49,0.13,45036095,44552389,842,960,87.74,86.8,6293810
2022-05-01,17295733,20084,33.7,51329905,22958,83,0.13,45035253,44551429,10,15,87.74,86.79,6294652
2022-04-30,17275649,37771,33.66,51329905,22875,81,0.13,45035243,44551414,1264,1127,87.74,86.79,6294662
2022-04-29,17237878,43262,33.58,51329905,22794,70,0.13,45033979,44550287,2904,3258,87.73,86.79,6295926
2022-04-28,17194616,50568,33.5,51329905,22724,136,0.13,45031075,44547029,1077,1359,87.73,86.79,6298830
2022-04-27,17144048,57422,33.4,51329905,22588,122,0.13,45029998,44545670,1059,1133,87.73,86.78,6299907
2022-04-26,17086626,76761,33.29,51329905,22466,141,0.13,45028939,44544537,902,1042,87.72,86.78,6300966
2022-04-25,17009865,80301,33.14,51329905,22325,82,0.13,45028037,44543495,881,1232,87.72,86.78,6301868
2022-04-24,16929564,34370,32.98,51329905,22243,110,0.13,45027156,44542263,18,24,87.72,86.78,6302749
2022-04-23,16895194,64725,32.91,51329905,22133,109,0.13,45027138,44542239,1324,1311,87.72,86.78,6302767
2022-04-22,16830469,75414,32.79,51329905,22024,151,0.13,45025814,44540928,3812,3993,87.72,86.77,6304091
2022-04-21,16755055,81010,32.64,51329905,21873,206,0.13,45022002,44536935,1151,1471,87.71,86.77,6307903
2022-04-20,16674045,90825,32.48,51329905,21667,147,0.13,45020851,44535464,1049,1132,87.71,86.76,6309054
2022-04-19,16583220,111280,32.31,51329905,21520,166,0.13,45019802,44534332,708,936,87.71,86.76,6310103
2022-04-18,16471940,118445,32.09,51329905,21354,130,0.13,45019094,44533396,804,996,87.71,86.76,6310811
2022-04-17,16353495,47743,31.86,51329905,21224,132,0.13,45018290,44532400,25,15,87.7,86.76,6311615
2022-04-16,16305752,93001,31.77,51329905,21092,203,0.13,45018265,44532385,1783,1203,87.7,86.76,6311640
2022-04-15,16212751,107882,31.59,51329905,20889,273,0.13,45016482,44531182,5562,3228,87.7,86.75,6313423
2022-04-14,16104869,125808,31.38,51329905,20616,264,0.13,45010920,44527954,1443,1571,87.69,86.75,6318985
2022-04-13,15979061,148417,31.13,51329905,20352,318,0.13,45009477,44526383,1586,1299,87.69,86.75,6320428
2022-04-12,15830644,195370,30.84,51329905,20034,184,0.13,45007891,44525084,1139,1320,87.68,86.74,6322014
2022-04-11,15635274,210676,30.46,51329905,19850,171,0.13,45006752,44523764,1296,1641,87.68,86.74,6323153
2022-04-10,15424598,90928,30.05,51329905,19679,258,0.13,45005456,44522123,28,20,87.68,86.74,6324449
2022-04-09,15333670,164481,29.87,51329905,19421,329,0.13,45005428,44522103,3521,1340,87.68,86.74,6324477
2022-04-08,15169189,185495,29.55,51329905,19092,338,0.13,45001907,44520763,8017,3942,87.67,86.73,6327998
2022-04-07,14983694,205289,29.19,51329905,18754,373,0.13,44993890,44516821,2530,1920,87.66,86.73,6336015
2022-04-06,14778405,224761,28.79,51329905,18381,348,0.12,44991360,44514901,2254,1651,87.65,86.72,6338545
2022-04-05,14553644,286243,28.35,51329905,18033,371,0.12,44989106,44513250,1957,1876,87.65,86.72,6340799
2022-04-04,14267401,265995,27.8,51329905,17662,209,0.12,44987149,44511374,2885,2650,87.64,86.72,6342756
2022-04-03,14001406,127190,27.28,51329905,17453,218,0.12,44984264,44508724,57,42,87.64,86.71,6345641
2022-04-02,13874216,234301,27.03,51329905,17235,306,0.12,44984207,44508682,6159,2375,87.64,86.71,6345698
2022-04-01,13639915,264097,26.57,51329905,16929,339,0.12,44978048,44506307,11114,6011,87.63,86.71,6351857
2022-03-31,13375818,280187,26.06,51329905,16590,360,0.12,44966934,44500296,4586,3378,87.6,86.69,6362971
2022-03-30,13095631,320675,25.51,51329905,16230,375,0.12,44962348,44496918,1189,1278,87.59,86.69,6367557
2022-03-29,12774956,424528,24.89,51329905,15855,432,0.12,44961159,44495640,1330,3762,87.59,86.69,6368746
2022-03-28,12350428,347374,24.06,51329905,15423,237,0.12,44959829,44491878,1662,5155,87.59,86.68,6370076
2022-03-27,12003054,187213,23.38,51329905,15186,287,0.13,44958167,44486723,23,28,87.59,86.67,6371738
2022-03-26,11815841,318130,23.02,51329905,14899,282,0.13,44958144,44486695,1513,1107,87.59,86.67,6371761
2022-03-25,11497711,335479,22.4,51329905,14617,323,0.13,44956631,44485588,3222,2868,87.58,86.67,6373274
2022-03-24,11162232,339396,21.75,51329905,14294,392,0.13,44953409,44482720,1782,1550,87.58,86.66,6376496
2022-03-23,10822836,395589,21.08,51329905,13902,470,0.13,44951627,44481170,1526,1288,87.57,86.66,6378278
2022-03-22,10427247,490707,20.31,51329905,13432,291,0.13,44950101,44479882,1837,1244,87.57,86.65,6379804
2022-03-21,9936540,353725,19.36,51329905,13141,384,0.13,44948264,44478638,2281,2295,87.57,86.65,6381641
2022-03-20,9582815,209169,18.67,51329905,12757,329,0.13,44945983,44476343,26,33,87.56,86.65,6383922
2022-03-19,9373646,334708,18.26,51329905,12428,327,0.13,44945957,44476310,2087,1929,87.56,86.65,6383948
2022-03-18,9038938,381329,17.61,51329905,12101,319,0.13,44943870,44474381,4769,5681,87.56,86.64,6386035
2022-03-17,8657609,407017,16.87,51329905,11782,301,0.14,44939101,44468700,2566,2722,87.55,86.63,6390804
2022-03-16,8250592,621317,16.07,51329905,11481,429,0.14,44936535,44465978,2253,2479,87.54,86.63,6393370
2022-03-15,7629275,400725,14.86,51329905,11052,164,0.14,44934282,44463499,2508,3341,87.54,86.62,6395623
2022-03-14,7228550,362328,14.08,51329905,10888,293,0.15,44931774,44460158,3697,4923,87.54,86.62,6398131
2022-03-13,6866222,309769,13.38,51329905,10595,200,0.15,44928077,44455235,82,107,87.53,86.61,6401828
2022-03-12,6556453,350176,12.77,51329905,10395,251,0.16,44927995,44455128,3999,5398,87.53,86.61,6401910
2022-03-11,6206277,383651,12.09,51329905,10144,269,0.16,44923996,44449730,8941,13962,87.52,86.6,6405909
2022-03-10,5822626,282976,11.34,51329905,9875,229,0.17,44915055,44435768,5192,6417,87.5,86.57,6414850
2022-03-09,5539650,327532,10.79,51329905,9646,206,0.17,44909863,44429351,1078,1264,87.49,86.56,6420042
2022-03-08,5212118,342427,10.15,51329905,9440,158,0.18,44908785,44428087,5886,5233,87.49,86.55,6421120
2022-03-07,4869691,202714,9.49,51329905,9282,186,0.19,44902899,44422854,7880,5888,87.48,86.54,6427006
2022-03-06,4666977,210713,9.09,51329905,9096,139,0.19,44895019,44416966,75,198,87.46,86.53,6434886
2022-03-05,4456264,243612,8.68,51329905,8957,161,0.2,44894944,44416768,2294,5621,87.46,86.53,6434961
2022-03-04,4212652,254326,8.21,51329905,8796,216,0.21,44892650,44411147,3504,7730,87.46,86.52,6437255
2022-03-03,3958326,266838,7.71,51329905,8580,186,0.22,44889146,44403417,2005,4273,87.45,86.51,6440759
2022-03-02,3691488,198802,7.19,51329905,8394,128,0.23,44887141,44399144,2245,4371,87.45,86.5,6442764
2022-03-01,3492686,219237,6.8,51329905,8266,96,0.24,44884896,44394773,201,359,87.44,86.49,6445009
2022-02-28,3273449,138993,6.38,51329905,8170,112,0.25,44884695,44394414,5664,8316,87.44,86.49,6445210
2022-02-27,3134456,139615,6.11,51329905,8058,114,0.26,44879031,44386098,224,455,87.43,86.47,6450874
2022-02-26,2994841,163558,5.83,51329905,7944,49,0.27,44878807,44385643,4925,8477,87.43,86.47,6451098
2022-02-25,2831283,166206,5.52,51329905,7895,112,0.28,44873882,44377166,8962,13934,87.42,86.45,6456023
2022-02-24,2665077,165889,5.19,51329905,7783,94,0.29,44864920,44363232,6298,10459,87.41,86.43,6464985
2022-02-23,2499188,170006,4.87,51329905,7689,82,0.31,44858622,44352773,5851,3684,87.39,86.41,6471283
2022-02-22,2329182,171448,4.54,51329905,7607,99,0.33,44852771,44349089,6367,3945,87.38,86.4,6477134
2022-02-21,2157734,99550,4.2,51329905,7508,58,0.35,44846404,44345144,8186,5578,87.37,86.39,6483501
2022-02-20,2058184,95347,4.01,51329905,7450,45,0.36,44838218,44339566,366,583,87.35,86.38,6491687
2022-02-19,1962837,104828,3.82,51329905,7405,51,0.38,44837852,44338983,6259,9528,87.35,86.38,6492053
2022-02-18,1858009,102203,3.62,51329905,7354,71,0.4,44831593,44329455,11563,15323,87.34,86.36,6498312
2022-02-17,1755806,109828,3.42,51329905,7283,45,0.41,44820030,44314132,9212,10049,87.32,86.33,6509875
2022-02-16,1645978,93127,3.21,51329905,7238,36,0.44,44810818,44304083,9299,9655,87.3,86.31,6519087
2022-02-15,1552851,90430,3.03,51329905,7202,39,0.46,44801519,44294428,9886,10731,87.28,86.29,6528386
2022-02-14,1462421,57175,2.85,51329905,7163,61,0.49,44791633,44283697,10491,13650,87.26,86.27,6538272
2022-02-13,1405246,54616,2.74,51329905,7102,21,0.51,44781142,44270047,370,600,87.24,86.25,6548763
2022-02-12,1350630,56425,2.63,51329905,7081,36,0.52,44780772,44269447,5754,12231,87.24,86.24,6549133
2022-02-11,1294205,54918,2.52,51329905,7045,33,0.54,44775018,44257216,8362,19714,87.23,86.22,6554887
2022-02-10,1239287,53926,2.41,51329905,7012,49,0.57,44766656,44237502,5970,13939,87.21,86.18,6563249
2022-02-09,1185361,54122,2.31,51329905,6963,20,0.59,44760686,44223563,5246,13007,87.2,86.16,6569219
2022-02-08,1131239,49558,2.2,51329905,6943,21,0.61,44755440,44210556,5850,16165,87.19,86.13,6574465
2022-02-07,1081681,36718,2.11,51329905,6922,36,0.64,44749590,44194391,8237,22445,87.18,86.1,6580315
2022-02-06,1044963,35275,2.04,51329905,6886,13,0.66,44741353,44171946,453,955,87.16,86.05,6588552
2022-02-05,1009688,38670,1.97,51329905,6873,15,0.68,44740900,44170991,7286,18078,87.16,86.05,6589005
2022-02-04,971018,36362,1.89,51329905,6858,22,0.71,44733614,44152913,12564,35662,87.15,86.02,6596291
2022-02-03,934656,27442,1.82,51329905,6836,24,0.73,44721050,44117251,12458,52768,87.12,85.95,6608855
2022-02-02,907214,22904,1.77,51329905,6812,25,0.75,44708592,44064483,502,849,87.1,85.85,6621313
2022-02-01,884310,20268,1.72,51329905,6787,15,0.77,44708090,44063634,92,190,87.1,85.84,6621815
2022-01-31,864042,18333,1.68,51329905,6772,17,0.78,44707998,44063444,604,989,87.1,85.84,6621907
2022-01-30,845709,17072,1.65,51329905,6755,23,0.8,44707394,44062455,659,1392,87.1,85.84,6622511
2022-01-29,828637,17515,1.61,51329905,6732,20,0.81,44706735,44061063,8135,22520,87.1,85.84,6623170
2022-01-28,811122,17540,1.58,51329905,6712,34,0.83,44698600,44038543,13435,37212,87.08,85.8,6631305
2022-01-27,793582,16085,1.55,51329905,6678,24,0.84,44685165,44001331,9205,25199,87.05,85.72,6644740
2022-01-26,777497,14514,1.51,51329905,6654,34,0.86,44675960,43976132,8591,24716,87.04,85.67,6653945
2022-01-25,762983,13004,1.49,51329905,6620,32,0.87,44667369,43951416,9243,29408,87.02,85.63,6662536
2022-01-24,749979,8566,1.46,51329905,6588,23,0.88,44658126,43922008,11723,40752,87,85.57,6671779
2022-01-23,741413,7511,1.44,51329905,6565,25,0.89,44646403,43881256,603,1963,86.98,85.49,6683502
2022-01-22,733902,7628,1.43,51329905,6540,11,0.89,44645800,43879293,9388,18013,86.98,85.48,6684105
2022-01-21,726274,7005,1.41,51329905,6529,28,0.9,44636412,43861280,15403,59036,86.96,85.45,6693493
2022-01-20,719269,6766,1.4,51329905,6501,21,0.9,44621009,43802244,10505,44776,86.93,85.33,6708896
2022-01-19,712503,6601,1.39,51329905,6480,28,0.91,44610504,43757468,10174,45266,86.91,85.25,6719401
2022-01-18,705902,5800,1.38,51329905,6452,74,0.91,44600330,43712202,12201,46632,86.89,85.16,6729575
2022-01-17,700102,4070,1.36,51329905,6378,45,0.91,44588129,43665570,16086,71343,86.87,85.07,6741776
2022-01-16,696032,3858,1.36,51329905,6333,23,0.91,44572043,43594227,786,3438,86.83,84.93,6757862
2022-01-15,692174,4190,1.35,51329905,6310,29,0.91,44571257,43590789,13125,29360,86.83,84.92,6758648
2022-01-14,687984,4418,1.34,51329905,6281,22,0.91,44558132,43561429,22661,91185,86.81,84.87,6771773
2022-01-13,683566,4536,1.33,51329905,6259,49,0.92,44535471,43470244,16360,77182,86.76,84.69,6794434
2022-01-12,679030,4162,1.32,51329905,6210,44,0.91,44519111,43393062,16462,81063,86.73,84.54,6810794
2022-01-11,674868,4385,1.31,51329905,6166,52,0.91,44502649,43311999,20303,73497,86.7,84.38,6827256
2022-01-10,670483,3093,1.31,51329905,6114,43,0.91,44482346,43238502,24987,109778,86.66,84.24,6847559
2022-01-09,667390,2999,1.3,51329905,6071,34,0.91,44457359,43128724,1105,4752,86.61,84.02,6872546
2022-01-08,664391,3376,1.29,51329905,6037,51,0.91,44456254,43123972,16325,70832,86.61,84.01,6873651
2022-01-07,661015,3507,1.29,51329905,5986,54,0.91,44439929,43053140,26260,107651,86.58,83.88,6889976
2022-01-06,657508,3716,1.28,51329905,5932,45,0.9,44413669,42945489,19878,85469,86.53,83.67,6916236
2022-01-05,653792,4123,1.27,51329905,5887,49,0.9,44393791,42860020,21131,76003,86.49,83.5,6936114
2022-01-04,649669,4443,1.27,51329905,5838,57,0.9,44372660,42784017,26936,55421,86.45,83.35,6957245
2022-01-03,645226,3019,1.26,51329905,5781,51,0.9,44345724,42728596,40661,79607,86.39,83.24,6984181
2022-01-02,642207,3124,1.25,51329905,5730,36,0.89,44305063,42648989,2115,2467,86.31,83.09,7024842
2022-01-01,639083,3830,1.25,51329905,5694,69,0.89,44302948,42646522,4278,4970,86.31,83.08,7026957
2021-12-31,635253,4415,1.24,51305184,5625,62,0.89,44298670,42641552,54150,58585,86.34,83.11,7006514
2021-12-30,630838,4871,1.23,51305184,5563,108,0.88,44244520,42582967,47480,46407,86.24,83,7060664
2021-12-29,625967,5029,1.22,51305184,5455,73,0.87,44197040,42536560,49576,46745,86.15,82.91,7108144
2021-12-28,620938,5406,1.21,51305184,5382,36,0.87,44147464,42489815,46393,43919,86.05,82.82,7157720
2021-12-27,615532,3862,1.2,51305184,5346,46,0.87,44101071,42445896,76475,65033,85.96,82.73,7204113
2021-12-26,611670,4207,1.19,51305184,5300,55,0.87,44024596,42380863,3528,1775,85.81,82.61,7280588
2021-12-25,607463,5418,1.18,51305184,5245,69,0.86,44021068,42379088,10276,5088,85.8,82.6,7284116
2021-12-24,602045,5836,1.17,51305184,5176,105,0.86,44010792,42374000,79564,43698,85.78,82.59,7294392
2021-12-23,596209,6231,1.16,51305184,5071,56,0.85,43931228,42330302,80811,34751,85.63,82.51,7373956
2021-12-22,589978,6913,1.15,51305184,5015,109,0.85,43850417,42295551,91353,39351,85.47,82.44,7454767
2021-12-21,583065,7450,1.14,51305184,4906,78,0.84,43759064,42256200,75383,38371,85.29,82.36,7546120
2021-12-20,575615,5201,1.12,51305184,4828,52,0.84,43683681,42217829,122332,53745,85.14,82.29,7621503
2021-12-19,570414,5316,1.11,51305184,4776,54,0.84,43561349,42164084,6054,1872,84.91,82.18,7743835
2021-12-18,565098,6234,1.1,51305184,4722,78,0.84,43555295,42162212,69695,40866,84.89,82.18,7749889
2021-12-17,558864,7313,1.09,51305184,4644,53,0.83,43485600,42121346,108349,81024,84.76,82.1,7819584
2021-12-16,551551,7434,1.08,51305184,4591,73,0.83,43377251,42040322,98770,62436,84.55,81.94,7927933
2021-12-15,544117,7622,1.06,51305184,4518,62,0.83,43278481,41977886,88547,58440,84.35,81.82,8026703
2021-12-14,536495,7843,1.05,51305184,4456,69,0.83,43189934,41919446,55742,44394,84.18,81.71,8115250
2021-12-13,528652,5564,1.03,51305184,4387,94,0.83,43134192,41875052,77590,63620,84.07,81.62,8170992
2021-12-12,523088,5817,1.02,51305184,4293,40,0.82,43056602,41811432,2129,1564,83.92,81.5,8248582
2021-12-11,517271,6688,1.01,51305184,4253,43,0.82,43054473,41809868,26302,34854,83.92,81.49,8250711
2021-12-10,510583,6977,1,51305184,4210,80,0.82,43028171,41775014,52102,76115,83.87,81.42,8277013
2021-12-09,503606,7022,0.98,51305184,4130,53,0.82,42976069,41698899,45937,55719,83.77,81.28,8329115
2021-12-08,496584,7100,0.97,51305184,4077,57,0.82,42930132,41643180,46484,52389,83.68,81.17,8375052
2021-12-07,489484,7174,0.95,51305184,4020,63,0.82,42883648,41590791,38417,42722,83.59,81.07,8421536
2021-12-06,482310,4952,0.94,51305184,3957,64,0.82,42845231,41548069,52794,66735,83.51,80.98,8459953
2021-12-05,477358,4324,0.93,51305184,3893,41,0.82,42792437,41481334,1787,2099,83.41,80.85,8512747
2021-12-04,473034,5127,0.92,51305184,3852,43,0.81,42790650,41479235,21735,53466,83.4,80.85,8514534
2021-12-03,467907,5354,0.91,51305184,3809,70,0.81,42768915,41425769,34709,91660,83.36,80.74,8536269
2021-12-02,462553,4941,0.9,51305184,3739,34,0.81,42734206,41334109,23014,61451,83.29,80.57,8570978
2021-12-01,457612,5262,0.89,51305184,3705,46,0.81,42711192,41272658,24207,66347,83.25,80.45,8593992
2021-11-30,452350,5120,0.88,51305184,3659,35,0.81,42686985,41206311,22159,49539,83.2,80.32,8618199
2021-11-29,447230,3030,0.87,51305184,3624,44,0.81,42664826,41156772,31368,106789,83.16,80.22,8640358
2021-11-28,444200,3304,0.87,51305184,3580,32,0.81,42633458,41049983,1041,2017,83.1,80.01,8671726
2021-11-27,440896,3928,0.86,51305184,3548,56,0.8,42632417,41047966,32697,46181,83.1,80.01,8672767
2021-11-26,436968,4067,0.85,51305184,3492,52,0.8,42599720,41001785,56463,88269,83.03,79.92,8705464
2021-11-25,432901,3899,0.84,51305184,3440,39,0.79,42543257,40913516,48604,67921,82.92,79.75,8761927
2021-11-24,429002,3937,0.84,51305184,3401,38,0.79,42494653,40845595,47323,62060,82.83,79.61,8810531
2021-11-23,425065,4115,0.83,51305184,3363,35,0.79,42447330,40783535,28910,44466,82.73,79.49,8857854
2021-11-22,420950,2698,0.82,51305184,3328,30,0.79,42418420,40739069,49753,88549,82.68,79.41,8886764
2021-11-21,418252,2827,0.82,51305184,3298,24,0.79,42368667,40650520,1457,2313,82.58,79.23,8936517
2021-11-20,415425,3114,0.81,51305184,3274,30,0.79,42367210,40648207,27183,39269,82.58,79.23,8937974
2021-11-19,412311,3212,0.8,51305184,3244,29,0.79,42340027,40608938,50165,78288,82.53,79.15,8965157
2021-11-18,409099,3034,0.8,51305184,3215,28,0.79,42289862,40530650,45508,61080,82.43,79,9015322
2021-11-17,406065,3290,0.79,51305184,3187,29,0.78,42244354,40469570,46093,67265,82.34,78.88,9060830
2021-11-16,402775,3184,0.79,51305184,3158,21,0.78,42198261,40402305,34140,48091,82.25,78.75,9106923
2021-11-15,399591,2125,0.78,51305184,3137,22,0.79,42164121,40354214,62671,89266,82.18,78.66,9141063
2021-11-14,397466,2006,0.77,51305184,3115,12,0.78,42101450,40264948,2383,3441,82.06,78.48,9203734
2021-11-13,395460,2418,0.77,51305184,3103,20,0.78,42099067,40261507,55586,101533,82.06,78.47,9206117
2021-11-12,393042,2323,0.77,51305184,3083,32,0.78,42043481,40159974,78850,150209,81.95,78.28,9261703
2021-11-11,390719,2368,0.76,51305184,3051,18,0.78,41964631,40009765,64633,109324,81.79,77.98,9340553
2021-11-10,388351,2520,0.76,51305184,3033,21,0.78,41899998,39900441,69116,107976,81.67,77.77,9405186
2021-11-09,385831,2424,0.75,51305184,3012,14,0.78,41830882,39792465,46310,126709,81.53,77.56,9474302
2021-11-08,383407,1713,0.75,51305184,2998,18,0.78,41784572,39665756,117140,164547,81.44,77.31,9520612
2021-11-07,381694,1759,0.74,51305184,2980,13,0.78,41667432,39501209,2249,4538,81.21,76.99,9637752
2021-11-06,379935,2223,0.74,51305184,2967,11,0.78,41665183,39496671,45626,63333,81.21,76.98,9640001
2021-11-05,377712,2248,0.74,51305184,2956,20,0.78,41619557,39433338,71774,163314,81.12,76.86,9685627
2021-11-04,375464,2344,0.73,51305184,2936,20,0.78,41547783,39270024,60948,124978,80.98,76.54,9757401
2021-11-03,373120,2480,0.73,51305184,2916,24,0.78,41486835,39145046,65348,76718,80.86,76.3,9818349
2021-11-02,370640,2666,0.72,51305184,2892,18,0.78,41421487,39068328,42897,88240,80.74,76.15,9883697
2021-11-01,367974,1588,0.72,51305184,2874,16,0.78,41378590,38980088,83476,119845,80.65,75.98,9926594
2021-10-31,366386,1686,0.71,51305184,2858,9,0.78,41295114,38860243,3021,21501,80.49,75.74,10010070
2021-10-30,364700,2061,0.71,51305184,2849,19,0.78,41292093,38838742,36627,359123,80.48,75.7,10013091
2021-10-29,362639,2103,0.71,51305184,2830,13,0.78,41255466,38479619,60913,703223,80.41,75,10049718
2021-10-28,360536,2124,0.7,51305184,2817,9,0.78,41194553,37776396,63438,624653,80.29,73.63,10110631
2021-10-27,358412,2107,0.7,51305184,2808,11,0.78,41131115,37151743,77957,259384,80.17,72.41,10174069
2021-10-26,356305,1950,0.69,51305184,2797,9,0.79,41053158,36892359,41446,282105,80.02,71.91,10252026
2021-10-25,354355,1266,0.69,51305184,2788,15,0.79,41011712,36610254,78733,434090,79.94,71.36,10293472
2021-10-24,353089,1190,0.69,51305184,2773,7,0.79,40932979,36176164,3948,17159,79.78,70.51,10372205
2021-10-23,351899,1423,0.69,51305184,2766,21,0.79,40929031,36159005,51730,334670,79.78,70.48,10376153
2021-10-22,350476,1507,0.68,51305184,2745,20,0.78,40877301,35824335,66380,634907,79.67,69.83,10427883
2021-10-21,348969,1440,0.68,51305184,2725,16,0.78,40810921,35189428,60028,409641,79.55,68.59,10494263
2021-10-20,347529,1441,0.68,51305184,2709,11,0.78,40750893,34779787,69288,325045,79.43,67.79,10554291
2021-10-19,346088,1570,0.67,51305184,2698,9,0.78,40681605,34454742,37748,447976,79.29,67.16,10623579
2021-10-18,344518,1073,0.67,51305184,2689,21,0.78,40643857,34006766,72205,631477,79.22,66.28,10661327
2021-10-17,343445,1049,0.67,51305184,2668,8,0.78,40571652,33375289,2058,20030,79.08,65.05,10733532
2021-10-16,342396,1418,0.67,51305184,2660,16,0.78,40569594,33355259,64648,355918,79.08,65.01,10735590
2021-10-15,340978,1617,0.66,51305184,2644,18,0.78,40504946,32999341,89961,721965,78.95,64.32,10800238
2021-10-14,339361,1682,0.66,51305184,2626,8,0.77,40414985,32277376,55362,458854,78.77,62.91,10890199
2021-10-13,337679,1937,0.66,51305184,2618,13,0.78,40359623,31818522,58020,412595,78.67,62.02,10945561
2021-10-12,335742,1579,0.65,51305184,2605,11,0.78,40301603,31405927,107035,602188,78.55,61.21,11003581
2021-10-11,334163,1347,0.65,51305184,2594,11,0.78,40194568,30803739,93928,166920,78.34,60.04,11110616
2021-10-10,332816,1297,0.65,51305184,2583,8,0.78,40100640,30636819,2890,18520,78.16,59.71,11204544
2021-10-09,331519,1594,0.65,51305184,2575,15,0.78,40097750,30618299,11136,104589,78.16,59.68,11207434
2021-10-08,329925,1949,0.64,51305184,2560,6,0.78,40086614,30513710,45592,1100580,78.13,59.47,11218570
2021-10-07,327976,2172,0.64,51305184,2554,10,0.78,40041022,29413130,37310,712199,78.04,57.33,11264162
2021-10-06,325804,2425,0.64,51305184,2544,8,0.78,40003712,28700931,37537,512193,77.97,55.94,11301472
2021-10-05,323379,2027,0.63,51305184,2536,12,0.78,39966175,28188738,45637,767636,77.9,54.94,11339009
2021-10-04,321352,1575,0.63,51305184,2524,11,0.79,39920538,27421102,25861,210830,77.81,53.45,11384646
2021-10-03,319777,1672,0.62,51305184,2513,6,0.79,39894677,27210272,3591,33781,77.76,53.04,11410507
2021-10-02,318105,2085,0.62,51305184,2507,3,0.79,39891086,27176491,124974,407930,77.75,52.97,11414098
2021-10-01,316020,2247,0.62,51305184,2504,7,0.79,39766112,26768561,237284,862705,77.51,52.18,11539072
2021-09-30,313773,2484,0.61,51305184,2497,16,0.8,39528828,25905856,344851,543318,77.05,50.49,11776356
2021-09-29,311289,2564,0.61,51305184,2481,7,0.8,39183977,25362538,232168,527811,76.37,49.43,12121207
2021-09-28,308725,2883,0.6,51305184,2474,10,0.8,38951809,24834727,258032,691592,75.92,48.41,12353375
2021-09-27,305842,2289,0.6,51305184,2464,8,0.81,38693777,24143135,417816,713130,75.42,47.06,12611407
2021-09-26,303553,2381,0.59,51305184,2456,6,0.81,38275961,23430005,26714,24413,74.6,45.67,13029223
2021-09-25,301172,2770,0.59,51305184,2450,9,0.81,38249247,23405592,313694,216463,74.55,45.62,13055937
2021-09-24,298402,3270,0.58,51305184,2441,7,0.82,37935553,23189129,617704,416290,73.94,45.2,13369631
2021-09-23,295132,2433,0.58,51305184,2434,7,0.82,37317849,22772839,562359,377938,72.74,44.39,13987335
2021-09-22,292699,1716,0.57,51305184,2427,8,0.83,36755490,22394901,28038,16803,71.64,43.65,14549694
2021-09-21,290983,1720,0.57,51305184,2419,6,0.83,36727452,22378098,6954,5017,71.59,43.62,14577732
2021-09-20,289263,1727,0.56,51305184,2413,4,0.83,36720498,22373081,30365,14684,71.57,43.61,14584686
2021-09-19,287536,1605,0.56,51305184,2409,5,0.84,36690133,22358397,21628,26433,71.51,43.58,14615051
2021-09-18,285931,1909,0.56,51305184,2404,10,0.84,36668505,22331964,392961,191148,71.47,43.53,14636679
2021-09-17,284022,2084,0.55,51305184,2394,5,0.84,36275544,22140816,661544,446044,70.71,43.16,15029640
2021-09-16,281938,2008,0.55,51305184,2389,3,0.85,35614000,21694772,431226,314771,69.42,42.29,15691184
2021-09-15,279930,1941,0.55,51305184,2386,6,0.85,35182774,21380001,376919,441007,68.58,41.67,16122410
2021-09-14,277989,2079,0.54,51305184,2380,13,0.86,34805855,20938994,602690,225602,67.84,40.81,16499329
2021-09-13,275910,1495,0.54,51305184,2367,7,0.86,34203165,20713392,828508,423932,66.67,40.37,17102019
2021-09-12,274415,1433,0.53,51305184,2360,1,0.86,33374657,20289460,22359,26132,65.05,39.55,17930527
2021-09-11,272982,1755,0.53,51305184,2359,1,0.86,33352298,20263328,329083,213201,65.01,39.5,17952886
2021-09-10,271227,1865,0.53,51305184,2358,10,0.87,33023215,20050127,653604,418883,64.37,39.08,18281969
2021-09-09,269362,1892,0.53,51305184,2348,5,0.87,32369611,19631244,440692,293107,63.09,38.26,18935573
2021-09-08,267470,2047,0.52,51305184,2343,9,0.88,31928919,19338137,386667,308177,62.23,37.69,19376265
2021-09-07,265423,2049,0.52,51305184,2334,4,0.88,31542252,19029960,575323,422252,61.48,37.09,19762932
2021-09-06,263374,1596,0.51,51305184,2330,3,0.88,30966929,18607708,744444,635615,60.36,36.27,20338255
2021-09-05,261778,1375,0.51,51305184,2327,6,0.89,30222485,17972093,8964,8797,58.91,35.03,21082699
2021-09-04,260403,1490,0.51,51305184,2321,6,0.89,30213521,17963296,119330,261555,58.89,35.01,21091663
2021-09-03,258913,1803,0.5,51305184,2315,7,0.89,30094191,17701741,234241,700148,58.66,34.5,21210993
2021-09-02,257110,1709,0.5,51305184,2308,5,0.9,29859950,17001593,186950,500847,58.2,33.14,21445234
2021-09-01,255401,1956,0.5,51305184,2303,11,0.9,29673000,16500746,179267,535832,57.84,32.16,21632184
2021-08-31,253445,2024,0.49,51305184,2292,7,0.9,29493733,15964914,248486,531150,57.49,31.12,21811451
2021-08-30,251421,1370,0.49,51305184,2285,1,0.91,29245247,15433764,390440,600576,57,30.08,22059937
2021-08-29,250051,1483,0.49,51305184,2284,5,0.91,28854807,14833188,16646,16480,56.24,28.91,22450377
2021-08-28,248568,1617,0.48,51305184,2279,3,0.92,28838161,14816708,277063,256505,56.21,28.88,22467023
2021-08-27,246951,1793,0.48,51305184,2276,11,0.92,28561098,14560203,603731,551825,55.67,28.38,22744086
2021-08-26,245158,1841,0.48,51305184,2265,8,0.92,27957367,14008378,654866,427387,54.49,27.3,23347817
2021-08-25,243317,1878,0.47,51305184,2257,20,0.93,27302501,13580991,379075,479241,53.22,26.47,24002683
2021-08-24,241439,2152,0.47,51305184,2237,9,0.93,26923426,13101750,406480,605550,52.48,25.54,24381758
2021-08-23,239287,1505,0.47,51305184,2228,6,0.93,26516946,12496200,389041,720265,51.68,24.36,24788238
2021-08-22,237782,1416,0.46,51305184,2222,7,0.93,26127905,11775935,40759,2969,50.93,22.95,25177279
2021-08-21,236366,1627,0.46,51305184,2215,13,0.94,26087146,11772966,365860,124724,50.85,22.95,25218038
2021-08-20,234739,1880,0.46,51305184,2202,5,0.94,25721286,11648242,692425,334467,50.13,22.7,25583898
2021-08-19,232859,2051,0.45,51305184,2197,6,0.94,25028861,11313775,506264,294833,48.78,22.05,26276323
2021-08-18,230808,2151,0.45,51305184,2191,13,0.95,24522597,11018942,525114,321133,47.8,21.48,26782587
2021-08-17,228657,1803,0.45,51305184,2178,5,0.95,23997483,10697809,726454,497126,46.77,20.85,27307701
2021-08-16,226854,1373,0.44,51305184,2173,6,0.96,23271029,10200683,673136,257943,45.36,19.88,28034155
2021-08-15,225481,1553,0.44,51305184,2167,11,0.96,22597893,9942740,19100,6336,44.05,19.38,28707291
2021-08-14,223928,1817,0.44,51305184,2156,8,0.96,22578793,9936404,144144,183590,44.01,19.37,28726391
2021-08-13,222111,1929,0.43,51305184,2148,4,0.97,22434649,9752814,245085,622024,43.73,19.01,28870535
2021-08-12,220182,1990,0.43,51305184,2144,6,0.97,22189564,9130790,170391,707768,43.25,17.8,29115620
2021-08-11,218192,1986,0.43,51305184,2138,3,0.98,22019173,8423022,179649,164852,42.92,16.42,29286011
2021-08-10,216206,2219,0.42,51305184,2135,1,0.99,21839524,8258170,265131,171109,42.57,16.1,29465660
2021-08-09,213987,1539,0.42,51305184,2134,9,1,21574393,8087061,438139,175609,42.05,15.76,29730791
2021-08-08,212448,1492,0.41,51305184,2125,4,1,21136254,7911452,28691,3375,41.2,15.42,30168930
2021-08-07,210956,1728,0.41,51305184,2121,5,1.01,21107563,7908077,122924,37304,41.14,15.41,30197621
2021-08-06,209228,1822,0.41,51305184,2116,3,1.01,20984639,7870773,257958,157808,40.9,15.34,30320545
2021-08-05,207406,1704,0.4,51305184,2113,4,1.02,20726681,7712965,195299,128811,40.4,15.03,30578503
2021-08-04,205702,1776,0.4,51305184,2109,3,1.03,20531382,7584154,167692,112093,40.02,14.78,30773802
2021-08-03,203926,1723,0.4,51305184,2106,2,1.03,20363690,7472061,221946,109173,39.69,14.56,30941494
2021-08-02,202203,1201,0.39,51305184,2104,5,1.04,20141744,7362888,478283,38195,39.26,14.35,31163440
2021-08-01,201002,1215,0.39,51305184,2099,1,1.04,19663461,7324693,28653,1641,38.33,14.28,31641723
2021-07-31,199787,1442,0.39,51305184,2098,3,1.05,19634808,7323052,216758,15052,38.27,14.27,31670376
2021-07-30,198345,1539,0.39,51305184,2095,6,1.06,19418050,7308000,498589,62411,37.85,14.24,31887134
2021-07-29,196806,1707,0.38,51305184,2089,4,1.06,18919461,7245589,349098,45478,36.88,14.12,32385723
2021-07-28,195099,1672,0.38,51305184,2085,2,1.07,18570363,7200111,481398,44746,36.2,14.03,32734821
2021-07-27,193427,1851,0.38,51305184,2083,4,1.08,18088965,7155365,383338,50804,35.26,13.95,33216219
2021-07-26,191576,1410,0.37,51305184,2079,2,1.09,17705627,7104561,620450,67318,34.51,13.85,33599557
2021-07-25,190166,1318,0.37,51305184,2077,4,1.09,17085177,7037243,2261,1370,33.3,13.72,34220007
2021-07-24,188848,1487,0.37,51305184,2073,5,1.1,17082916,7035873,30215,12948,33.3,13.71,34222268
2021-07-23,187361,1628,0.37,51305184,2068,2,1.11,17052701,7022925,147952,62349,33.24,13.69,34252483
2021-07-22,185733,1630,0.36,51305184,2066,3,1.11,16904749,6960576,141913,61954,32.95,13.57,34400435
2021-07-21,184103,1838,0.36,51305184,2063,3,1.12,16762836,6898622,141069,41871,32.67,13.45,34542348
2021-07-20,182265,1784,0.36,51305184,2060,1,1.13,16621767,6856751,152079,63198,32.4,13.36,34683417
2021-07-19,180481,1278,0.35,51305184,2059,1,1.14,16469688,6793553,161517,73056,32.1,13.24,34835496
2021-07-18,179203,1252,0.35,51305184,2058,1,1.15,16308171,6720497,3263,1450,31.79,13.1,34997013
2021-07-17,177951,1451,0.35,51305184,2057,2,1.16,16304908,6719047,35705,38076,31.78,13.1,35000276
2021-07-16,176500,1454,0.34,51305184,2055,4,1.16,16269203,6680971,136459,186098,31.71,13.02,35035981
2021-07-15,175046,1535,0.34,51305184,2051,1,1.17,16132744,6494873,124715,144336,31.44,12.66,35172440
2021-07-14,173511,1600,0.34,51305184,2050,2,1.18,16008029,6350537,113708,123892,31.2,12.38,35297155
2021-07-13,171911,1615,0.34,51305184,2048,2,1.19,15894321,6226645,109818,111522,30.98,12.14,35410863
2021-07-12,170296,1150,0.33,51305184,2046,2,1.2,15784503,6115123,32910,95129,30.77,11.92,35520681
2021-07-11,169146,1100,0.33,51305184,2044,1,1.21,15751593,6019994,1490,1877,30.7,11.73,35553591
2021-07-10,168046,1324,0.33,51305184,2043,5,1.22,15750103,6018117,14263,40634,30.7,11.73,35555081
2021-07-09,166722,1378,0.32,51305184,2038,2,1.22,15735840,5977483,60466,150331,30.67,11.65,35569344
2021-07-08,165344,1316,0.32,51305184,2036,2,1.23,15675374,5827152,40511,107837,30.55,11.36,35629810
2021-07-07,164028,1275,0.32,51305184,2034,1,1.24,15634863,5719315,37613,90532,30.47,11.15,35670321
2021-07-06,162753,1212,0.32,51305184,2033,1,1.25,15597250,5628783,40929,92234,30.4,10.97,35707934
2021-07-05,161541,746,0.31,51305184,2032,4,1.26,15556321,5536549,56897,77751,30.32,10.79,35748863
2021-07-04,160795,711,0.31,51305184,2028,2,1.26,15499424,5458798,1357,1261,30.21,10.64,35805760
2021-07-03,160084,742,0.31,51305184,2026,1,1.27,15498067,5457537,3347,18238,30.21,10.64,35807117
2021-07-02,159342,793,0.31,51305184,2025,1,1.27,15494720,5439299,8080,122407,30.2,10.6,35810464
2021-07-01,158549,826,0.31,51305184,2024,3,1.28,15486640,5316892,7317,122020,30.19,10.36,35818544
2021-06-30,157723,762,0.31,51305184,2021,3,1.28,15479323,5194872,17273,138169,30.17,10.13,35825861
2021-06-29,156961,794,0.31,51305184,2018,1,1.29,15462050,5056703,19048,145944,30.14,9.86,35843134
2021-06-28,156167,595,0.3,51305184,2017,2,1.29,15443002,4910759,14951,145571,30.1,9.57,35862182
2021-06-27,155572,501,0.3,51305184,2015,2,1.3,15428051,4765188,895,1993,30.07,9.29,35877133
2021-06-26,155071,614,0.3,51305184,2013,1,1.3,15427156,4763195,12533,25093,30.07,9.28,35878028
2021-06-25,154457,668,0.3,51305184,2012,3,1.3,15414623,4738102,65719,98270,30.04,9.24,35890561
2021-06-24,153789,634,0.3,51305184,2009,1,1.31,15348904,4639832,47295,108838,29.92,9.04,35956280
2021-06-23,153155,610,0.3,51305184,2008,1,1.31,15301609,4530994,45719,121020,29.82,8.83,36003575
2021-06-22,152545,644,0.3,51305184,2007,1,1.32,15255890,4409974,50341,126371,29.74,8.6,36049294
2021-06-21,151901,395,0.3,51305184,2006,2,1.32,15205549,4283603,49052,118167,29.64,8.35,36099635
2021-06-20,151506,357,0.3,51305184,2004,2,1.32,15156497,4165436,1465,2403,29.54,8.12,36148687
2021-06-19,151149,429,0.29,51305184,2002,5,1.32,15155032,4163033,217317,37605,29.54,8.11,36150152
2021-06-18,150720,482,0.29,51305184,1997,1,1.32,14937715,4125428,538425,129434,29.12,8.04,36367469
2021-06-17,150238,507,0.29,51305184,1996,2,1.33,14399290,3995994,444304,130151,28.07,7.79,36905894
2021-06-16,149731,540,0.29,51305184,1994,1,1.33,13954986,3865843,569607,283053,27.2,7.53,37350198
2021-06-15,149191,544,0.29,51305184,1993,1,1.34,13385379,3582790,648055,209365,26.09,6.98,37919805
2021-06-14,148647,374,0.29,51305184,1992,4,1.34,12737324,3373425,770015,258712,24.83,6.58,38567860
2021-06-13,148273,399,0.29,51305184,1988,3,1.34,11967309,3114713,28541,13399,23.33,6.07,39337875
2021-06-12,147874,452,0.29,51305184,1985,3,1.34,11938768,3101314,389854,120877,23.27,6.04,39366416
2021-06-11,147422,563,0.29,51305184,1982,1,1.34,11548914,2980437,827659,239003,22.51,5.81,39756270
2021-06-10,146859,556,0.29,51305184,1981,2,1.35,10721255,2741434,767791,289314,20.9,5.34,40583929
2021-06-09,146303,611,0.29,51305184,1979,2,1.35,9953464,2452120,594072,25099,19.4,4.78,41351720
2021-06-08,145692,601,0.28,51305184,1977,2,1.36,9359392,2427021,746214,26828,18.24,4.73,41945792
2021-06-07,145091,454,0.28,51305184,1975,1,1.36,8613178,2400193,894248,21722,16.79,4.68,42692006
2021-06-06,144637,485,0.28,51305184,1974,1,1.36,7718930,2378471,3976,767,15.05,4.64,43586254
2021-06-05,144152,556,0.28,51305184,1973,2,1.37,7714954,2377704,141291,3576,15.04,4.63,43590230
2021-06-04,143596,744,0.28,51305184,1971,2,1.37,7573663,2374128,370134,31600,14.76,4.63,43731521
2021-06-03,142852,695,0.28,51305184,1969,1,1.38,7203529,2342528,344922,26942,14.04,4.57,44101655
2021-06-02,142157,681,0.28,51305184,1968,3,1.38,6858607,2315586,383583,23823,13.37,4.51,44446577
2021-06-01,141476,677,0.28,51305184,1965,2,1.39,6475024,2291763,568254,27469,12.62,4.47,44830160
2021-05-31,140799,459,0.27,51305184,1963,4,1.39,5906770,2264294,387159,28027,11.51,4.41,45398414
2021-05-30,140340,430,0.27,51305184,1959,2,1.4,5519611,2236267,6222,655,10.76,4.36,45785573
2021-05-29,139910,479,0.27,51305184,1957,6,1.4,5513389,2235612,166070,9662,10.75,4.36,45791795
2021-05-28,139431,533,0.27,51305184,1951,5,1.4,5347319,2225950,545438,66144,10.42,4.34,45957865
2021-05-27,138898,587,0.27,51305184,1946,3,1.4,4801881,2159806,661928,56340,9.36,4.21,46503303
2021-05-26,138311,629,0.27,51305184,1943,3,1.4,4139953,2103466,88926,68588,8.07,4.1,47165231
2021-05-25,137682,699,0.27,51305184,1940,2,1.41,4051027,2034878,79620,94351,7.9,3.97,47254157
2021-05-24,136983,516,0.27,51305184,1938,4,1.41,3971407,1940527,72559,105320,7.74,3.78,47333777
2021-05-23,136467,538,0.27,51305184,1934,3,1.42,3898848,1835207,1051,3218,7.6,3.58,47406336
2021-05-22,135929,585,0.26,51305184,1931,5,1.42,3897797,1831989,6470,36621,7.6,3.57,47407387
2021-05-21,135344,666,0.26,51305184,1926,4,1.42,3891327,1795368,16471,225545,7.58,3.5,47413857
2021-05-20,134678,561,0.26,51305184,1922,6,1.43,3874856,1569823,14181,210787,7.55,3.06,47430328
2021-05-19,134117,646,0.26,51305184,1916,4,1.43,3860675,1359036,3763,93395,7.52,2.65,47444509
2021-05-18,133471,653,0.26,51305184,1912,8,1.43,3856912,1265641,14118,141850,7.52,2.47,47448272
2021-05-17,132818,528,0.26,51305184,1904,1,1.43,3842794,1123791,15142,100807,7.49,2.19,47462390
2021-05-16,132290,619,0.26,51305184,1903,3,1.44,3827652,1022984,1548,5771,7.46,1.99,47477532
2021-05-15,131671,610,0.26,51305184,1900,4,1.44,3826104,1017213,3093,31096,7.46,1.98,47479080
2021-05-14,131061,681,0.26,51305184,1896,3,1.45,3823011,986117,13320,81237,7.45,1.92,47482173
2021-05-13,130380,747,0.25,51305184,1893,2,1.45,3809691,904880,10951,78997,7.43,1.76,47495493
2021-05-12,129633,715,0.25,51305184,1891,7,1.46,3798740,825883,8143,83638,7.4,1.61,47506444
2021-05-11,128918,635,0.25,51305184,1884,5,1.46,3790597,742245,10512,81520,7.39,1.45,47514587
2021-05-10,128283,511,0.25,51305184,1879,4,1.46,3780085,660725,15638,78529,7.37,1.29,47525099
2021-05-09,127772,463,0.25,51305184,1875,1,1.47,3764447,582196,992,5538,7.34,1.13,47540737
2021-05-08,127309,564,0.25,51305184,1874,9,1.47,3763455,576658,13648,28743,7.34,1.12,47541729
2021-05-07,126745,701,0.25,51305184,1865,5,1.47,3749807,547915,49936,78372,7.31,1.07,47555377
2021-05-06,126044,525,0.25,51305184,1860,9,1.48,3699871,469543,59566,74761,7.21,0.92,47605313
2021-05-05,125519,574,0.24,51305184,1851,4,1.47,3640305,394782,7090,26566,7.1,0.77,47664879
2021-05-04,124945,676,0.24,51305184,1847,7,1.48,3633215,368216,76451,32897,7.08,0.72,47671969
2021-05-03,124269,541,0.24,51305184,1840,6,1.48,3556764,335319,87489,32268,6.93,0.65,47748420
2021-05-02,123728,488,0.24,51305184,1834,1,1.48,3469275,303051,2464,1266,6.76,0.59,47835909
2021-05-01,123240,606,0.24,51305184,1833,2,1.49,3466811,301785,41125,8855,6.76,0.59,47838373
2021-04-30,122634,627,0.24,51305184,1831,3,1.49,3425686,292930,278156,32098,6.68,0.57,47879498
2021-04-29,122007,656,0.24,51305184,1828,3,1.5,3147530,260832,261884,31345,6.13,0.51,48157654
2021-04-28,121351,678,0.24,51305184,1825,4,1.5,2885646,229487,231860,21813,5.62,0.45,48419538
2021-04-27,120673,775,0.24,51305184,1821,1,1.51,2653786,207674,177050,22964,5.17,0.4,48651398
2021-04-26,119898,511,0.23,51305184,1820,3,1.52,2476736,184710,143017,22495,4.83,0.36,48828448
2021-04-25,119387,500,0.23,51305184,1817,4,1.52,2333719,162215,7181,951,4.55,0.32,48971465
2021-04-24,118887,644,0.23,51305184,1813,1,1.52,2326538,161264,65943,6664,4.53,0.31,48978646
2021-04-23,118243,785,0.23,51305184,1812,1,1.53,2260595,154600,160756,20747,4.41,0.3,49044589
2021-04-22,117458,797,0.23,51305184,1811,3,1.54,2099839,133853,132644,19710,4.09,0.26,49205345
2021-04-21,116661,735,0.23,51305184,1808,2,1.55,1967195,114143,133325,1455,3.83,0.22,49337989
2021-04-20,115926,731,0.23,51305184,1806,4,1.56,1833870,112688,131576,1165,3.57,0.22,49471314
2021-04-19,115195,549,0.22,51305184,1802,1,1.56,1702294,111523,123125,902,3.32,0.22,49602890
2021-04-18,114646,531,0.22,51305184,1801,4,1.57,1579169,110621,5623,429,3.08,0.22,49726015
2021-04-17,114115,671,0.22,51305184,1797,3,1.57,1573546,110192,30464,699,3.07,0.21,49731638
2021-04-16,113444,655,0.22,51305184,1794,4,1.58,1543082,109493,104104,1304,3.01,0.21,49762102
2021-04-15,112789,672,0.22,51305184,1790,2,1.59,1438978,108189,94162,933,2.8,0.21,49866206
2021-04-14,112117,698,0.22,51305184,1788,6,1.59,1344816,107256,47200,988,2.62,0.21,49960368
2021-04-13,111419,731,0.22,51305184,1782,7,1.6,1297616,106268,46052,1793,2.53,0.21,50007568
2021-04-12,110688,542,0.22,51305184,1775,5,1.6,1251564,104475,40639,2475,2.44,0.2,50053620
2021-04-11,110146,587,0.21,51305184,1770,2,1.61,1210925,102000,1229,473,2.36,0.2,50094259
2021-04-10,109559,614,0.21,51305184,1768,3,1.61,1209696,101527,10612,2295,2.36,0.2,50095488
2021-04-09,108945,676,0.21,51305184,1765,1,1.62,1199084,99232,36468,9862,2.34,0.19,50106100
2021-04-08,108269,671,0.21,51305184,1764,6,1.63,1162616,89370,39513,11957,2.27,0.17,50142568
2021-04-07,107598,700,0.21,51305184,1758,2,1.63,1123103,77413,39591,11266,2.19,0.15,50182081
2021-04-06,106898,668,0.21,51305184,1756,4,1.64,1083512,66147,40040,7520,2.11,0.13,50221672
2021-04-05,106230,478,0.21,51305184,1752,4,1.65,1043472,58627,37992,1766,2.03,0.11,50261712
2021-04-04,105752,473,0.21,51305184,1748,4,1.65,1005480,56861,1249,299,1.96,0.11,50299704
2021-04-03,105279,543,0.21,51305184,1744,4,1.66,1004231,56562,9603,969,1.96,0.11,50300953
2021-04-02,104736,542,0.2,51305184,1740,3,1.66,994628,55593,40716,7693,1.94,0.11,50310556
2021-04-01,104194,555,0.2,51305184,1737,2,1.67,953912,47900,38066,8021,1.86,0.09,50351272
2021-03-31,103639,551,0.2,51305184,1735,4,1.67,915846,39879,23917,5422,1.79,0.08,50389338
2021-03-30,103088,506,0.2,51305184,1731,2,1.68,891929,34457,28777,2743,1.74,0.07,50413255
2021-03-29,102582,441,0.2,51305184,1729,3,1.69,863152,31714,26758,1439,1.68,0.06,50442032
2021-03-28,102141,384,0.2,51305184,1726,4,1.69,836394,30275,852,250,1.63,0.06,50468790
2021-03-27,101757,482,0.2,51305184,1722,1,1.69,835542,30025,2471,382,1.63,0.06,50469642
2021-03-26,101275,505,0.2,51305184,1721,5,1.7,833071,29643,25779,2099,1.62,0.06,50472113
2021-03-25,100770,494,0.2,51305184,1716,7,1.7,807292,27544,33818,1952,1.57,0.05,50497892
2021-03-24,100276,430,0.2,51305184,1709,2,1.7,773474,25592,29396,1614,1.51,0.05,50531710
2021-03-23,99846,425,0.19,51305184,1707,3,1.71,744078,23978,21572,1293,1.45,0.05,50561106
2021-03-22,99421,346,0.19,51305184,1704,7,1.71,722506,22685,4859,751,1.41,0.04,50582678
2021-03-21,99075,410,0.19,51305184,1697,1,1.71,717647,21934,803,444,1.4,0.04,50587537
2021-03-20,98665,456,0.19,51305184,1696,3,1.72,716844,21490,1970,531,1.4,0.04,50588340
2021-03-19,98209,452,0.19,51305184,1693,3,1.72,714874,20959,18524,995,1.39,0.04,50590310
2021-03-18,97757,463,0.19,51305184,1690,2,1.73,696350,19964,20739,883,1.36,0.04,50608834
2021-03-17,97294,445,0.19,51305184,1688,2,1.73,675611,19081,21391,909,1.32,0.04,50629573
2021-03-16,96849,469,0.19,51305184,1686,8,1.74,654220,18172,20475,1027,1.28,0.04,50650964
2021-03-15,96380,363,0.19,51305184,1678,3,1.74,633745,17145,14168,1163,1.24,0.03,50671439
2021-03-14,96017,382,0.19,51305184,1675,6,1.74,619577,15982,1791,132,1.21,0.03,50685607
2021-03-13,95635,459,0.19,51305184,1669,2,1.75,617786,15850,4469,202,1.2,0.03,50687398
2021-03-12,95176,490,0.19,51305184,1667,5,1.75,613317,15648,39166,579,1.2,0.03,50691867
2021-03-11,94686,488,0.18,51305184,1662,10,1.76,574151,15069,45421,646,1.12,0.03,50731033
2021-03-10,94198,465,0.18,51305184,1652,4,1.75,528730,14423,55003,557,1.03,0.03,50776454
2021-03-09,93733,470,0.18,51305184,1648,3,1.76,473727,13866,64253,453,0.92,0.03,50831457
2021-03-08,93263,446,0.18,51305184,1645,3,1.76,409474,13413,68091,257,0.8,0.03,50895710
2021-03-07,92817,346,0.18,51305184,1642,8,1.77,341383,13156,2422,92,0.67,0.03,50963801
2021-03-06,92471,416,0.18,51305184,1634,2,1.77,338961,13064,18461,156,0.66,0.03,50966223
2021-03-05,92055,417,0.18,51305184,1632,5,1.77,320500,12908,71143,401,0.62,0.03,50984684
2021-03-04,91638,398,0.18,51305184,1627,8,1.78,249357,12507,70694,500,0.49,0.02,51055827
2021-03-03,91240,424,0.18,51305184,1619,7,1.77,178663,12007,69374,290,0.35,0.02,51126521
2021-03-02,90816,444,0.18,51305184,1612,6,1.78,109289,11717,66215,287,0.21,0.02,51195895
2021-03-01,90372,341,0.18,51305184,1606,1,1.78,43074,11430,1920,250,0.08,0.02,51262110
2021-02-28,90031,355,0.18,51305184,1605,2,1.78,41154,11180,1023,100,0.08,0.02,51264030
2021-02-27,89676,355,0.17,51305184,1603,8,1.79,40131,11080,1734,206,0.08,0.02,51265053
2021-02-26,89321,399,0.17,51305184,1595,10,1.79,38397,10874,0,0,0.07,0.02,51266787
2021-02-25,88922,406,0.17,51305184,1585,4,1.78,0,0,0,0,0,0,51305184
2021-02-24,88516,396,0.17,51305184,1581,5,1.79,0,0,0,0,0,0,51305184
2021-02-23,88120,439,0.17,51305184,1576,3,1.79,0,0,0,0,0,0,51305184
2021-02-22,87681,357,0.17,51305184,1573,11,1.79,0,0,0,0,0,0,51305184
2021-02-21,87324,332,0.17,51305184,1562,5,1.79,0,0,0,0,0,0,51305184
2021-02-20,86992,418,0.17,51305184,1557,4,1.79,0,0,0,0,0,0,51305184
2021-02-19,86574,446,0.17,51305184,1553,3,1.79,0,0,0,0,0,0,51305184
2021-02-18,86128,561,0.17,51305184,1550,6,1.8,0,0,0,0,0,0,51305184
2021-02-17,85567,621,0.17,51305184,1544,6,1.8,0,0,0,0,0,0,51305184
2021-02-16,84946,621,0.17,51305184,1538,4,1.81,0,0,0,0,0,0,51305184
2021-02-15,84325,456,0.16,51305184,1534,7,1.82,0,0,0,0,0,0,51305184
2021-02-14,83869,344,0.16,51305184,1527,5,1.82,0,0,0,0,0,0,51305184
2021-02-13,83525,326,0.16,51305184,1522,8,1.82,0,0,0,0,0,0,51305184
2021-02-12,83199,362,0.16,51305184,1514,7,1.82,0,0,0,0,0,0,51305184
2021-02-11,82837,403,0.16,51305184,1507,11,1.82,0,0,0,0,0,0,51305184
2021-02-10,82434,504,0.16,51305184,1496,10,1.81,0,0,0,0,0,0,51305184
2021-02-09,81930,443,0.16,51305184,1486,4,1.81,0,0,0,0,0,0,51305184
2021-02-08,81487,302,0.16,51305184,1482,8,1.82,0,0,0,0,0,0,51305184
2021-02-07,81185,289,0.16,51305184,1474,3,1.82,0,0,0,0,0,0,51305184
2021-02-06,80896,372,0.16,51305184,1471,7,1.82,0,0,0,0,0,0,51305184
2021-02-05,80524,393,0.16,51305184,1464,5,1.82,0,0,0,0,0,0,51305184
2021-02-04,80131,369,0.16,51305184,1459,11,1.82,0,0,0,0,0,0,51305184
2021-02-03,79762,451,0.16,51305184,1448,7,1.82,0,0,0,0,0,0,51305184
2021-02-02,79311,467,0.15,51305184,1441,6,1.82,0,0,0,0,0,0,51305184
2021-02-01,78844,336,0.15,51305184,1435,10,1.82,0,0,0,0,0,0,51305184
2021-01-31,78508,303,0.15,51305184,1425,5,1.82,0,0,0,0,0,0,51305184
2021-01-30,78205,355,0.15,51305184,1420,6,1.82,0,0,0,0,0,0,51305184
2021-01-29,77850,455,0.15,51305184,1414,15,1.82,0,0,0,0,0,0,51305184
2021-01-28,77395,469,0.15,51305184,1399,13,1.81,0,0,0,0,0,0,51305184
2021-01-27,76926,497,0.15,51305184,1386,8,1.8,0,0,0,0,0,0,51305184
2021-01-26,76429,554,0.15,51305184,1378,7,1.8,0,0,0,0,0,0,51305184
2021-01-25,75875,354,0.15,51305184,1371,11,1.81,0,0,0,0,0,0,51305184
2021-01-24,75521,437,0.15,51305184,1360,11,1.8,0,0,0,0,0,0,51305184
2021-01-23,75084,392,0.15,51305184,1349,12,1.8,0,0,0,0,0,0,51305184
2021-01-22,74692,430,0.15,51305184,1337,9,1.79,0,0,0,0,0,0,51305184
2021-01-21,74262,344,0.14,51305184,1328,12,1.79,0,0,0,0,0,0,51305184
2021-01-20,73918,400,0.14,51305184,1316,16,1.78,0,0,0,0,0,0,51305184
2021-01-19,73518,403,0.14,51305184,1300,17,1.77,0,0,0,0,0,0,51305184
2021-01-18,73115,386,0.14,51305184,1283,19,1.75,0,0,0,0,0,0,51305184
2021-01-17,72729,389,0.14,51305184,1264,15,1.74,0,0,0,0,0,0,51305184
2021-01-16,72340,520,0.14,51305184,1249,13,1.73,0,0,0,0,0,0,51305184
2021-01-15,71820,579,0.14,51305184,1236,19,1.72,0,0,0,0,0,0,51305184
2021-01-14,71241,513,0.14,51305184,1217,22,1.71,0,0,0,0,0,0,51305184
2021-01-13,70728,516,0.14,51305184,1195,10,1.69,0,0,0,0,0,0,51305184
2021-01-12,70212,561,0.14,51305184,1185,20,1.69,0,0,0,0,0,0,51305184
2021-01-11,69651,537,0.14,51305184,1165,25,1.67,0,0,0,0,0,0,51305184
2021-01-10,69114,450,0.13,51305184,1140,15,1.65,0,0,0,0,0,0,51305184
2021-01-09,68664,665,0.13,51305184,1125,25,1.64,0,0,0,0,0,0,51305184
2021-01-08,67999,641,0.13,51305184,1100,19,1.62,0,0,0,0,0,0,51305184
2021-01-07,67358,672,0.13,51305184,1081,35,1.6,0,0,0,0,0,0,51305184
2021-01-06,66686,868,0.13,51305184,1046,19,1.57,0,0,0,0,0,0,51305184
2021-01-05,65818,839,0.13,51305184,1027,20,1.56,0,0,0,0,0,0,51305184
2021-01-04,64979,715,0.13,51305184,1007,26,1.55,0,0,0,0,0,0,51305184
2021-01-03,64264,1020,0.13,51305184,981,19,1.53,0,0,0,0,0,0,51305184
2021-01-02,63244,651,0.12,51305184,962,20,1.52,0,0,0,0,0,0,51305184
2021-01-01,62593,824,0.12,51305184,942,25,1.5,0,0,0,0,0,0,51305184
